study_hours_per_week,attendance_percent,assignments_completed,sleep_hours,internet_usage_hours_per_day,final_score
14.98,79.6,12,4.0,5.03,46.86
11.17,83.84,13,6.86,6.46,43.99
15.89,78.66,12,5.86,3.99,41.4
21.14,82.54,6,7.06,2.99,68.77
10.6,69.85,16,5.37,0.09,34.92
10.6,86.71,8,7.08,3.33,42.84
21.48,85.01,15,6.59,5.15,68.41
16.6,78.46,13,8.5,5.39,48.22
9.18,90.27,3,8.41,4.51,29.44
15.26,92.5,16,7.79,2.42,62.15
9.22,72.14,16,6.67,0.0,51.38
9.21,78.9,11,8.99,2.51,37.21
13.45,78.85,11,5.45,2.89,40.31
0.52,77.48,13,5.6,2.87,5.1
1.65,91.64,10,6.92,4.74,32.04
8.63,83.45,11,9.25,7.47,31.02
5.92,82.88,13,6.8,3.75,34.76
13.89,68.97,10,6.82,3.07,40.26
6.55,90.08,11,5.56,2.98,31.13
3.53,75.09,15,7.95,3.75,35.56
20.79,85.48,5,7.95,1.84,66.19
10.65,87.22,18,7.79,3.74,54.6
12.41,95.89,12,6.37,4.4,50.91
3.45,74.53,10,6.29,3.92,21.5
8.73,60.84,13,5.71,4.42,34.23
12.67,86.47,7,7.08,4.37,36.32
5.09,99.4,20,5.92,0.0,54.69
14.25,94.91,13,5.82,4.77,56.8
8.4,86.68,13,6.58,2.16,46.46
10.25,81.07,13,6.51,1.31,39.05
8.39,91.46,11,6.46,1.29,38.53
23.11,77.21,13,7.47,4.37,67.87
11.92,88.81,10,7.08,3.05,35.99
5.65,89.04,14,6.71,0.14,48.39
16.94,93.48,8,7.18,4.46,51.35
4.67,100.0,12,6.01,0.62,37.54
13.25,88.14,13,7.11,3.78,46.66
0.24,80.93,10,7.15,3.98,9.37
4.03,84.8,9,5.5,5.27,16.12
13.18,70.85,9,8.0,7.06,38.37
16.43,79.44,11,6.12,0.77,55.47
13.03,81.73,11,7.09,3.4,45.86
11.31,80.81,17,8.16,2.95,54.56
10.19,86.22,12,7.93,4.37,41.0
3.13,78.42,11,7.03,3.93,26.11
7.68,93.97,14,6.64,2.79,50.61
9.24,85.0,19,7.95,2.62,56.56
18.34,84.93,10,7.67,1.27,63.28
14.06,82.38,9,6.38,5.48,42.4
1.42,86.24,15,6.21,4.42,17.18
13.94,91.6,11,4.93,5.34,37.33
9.69,78.06,13,7.15,2.88,43.16
7.94,79.74,15,6.92,2.19,40.57
15.67,82.57,17,8.14,1.34,66.02
18.19,74.23,19,7.36,4.22,73.81
17.59,78.45,10,8.33,1.42,60.46
6.96,81.19,11,6.3,7.2,34.24
10.14,92.0,11,8.14,0.88,47.78
13.99,87.1,9,6.47,4.05,39.08
17.85,86.55,10,7.78,6.63,52.66
9.12,91.81,8,5.54,4.7,26.71
10.89,83.9,11,7.24,3.85,50.16
5.36,88.12,8,5.02,1.56,29.16
4.82,84.17,14,6.73,0.74,38.39
16.88,87.12,14,7.44,5.04,64.96
20.14,80.34,12,6.48,6.51,44.16
11.57,65.49,14,5.95,2.62,42.76
18.02,83.93,12,7.85,1.22,53.42
14.17,96.38,14,6.9,0.0,59.26
8.13,92.41,11,6.51,1.54,37.34
14.17,92.72,14,7.04,3.27,58.93
21.23,94.89,16,9.64,6.7,76.39
11.79,85.71,11,8.15,4.85,52.29
21.39,86.58,9,8.16,4.11,58.59
0.0,80.06,13,7.44,2.7,26.56
16.93,82.47,10,7.17,2.33,53.77
12.52,89.93,16,4.6,6.31,36.03
10.21,94.63,8,6.32,3.9,31.65
12.55,83.88,10,6.52,0.0,44.55
0.07,81.4,12,5.13,2.15,23.58
10.68,85.0,8,5.84,1.78,38.54
14.14,89.81,19,5.02,2.41,51.1
20.87,73.45,12,6.96,4.63,57.15
8.89,66.63,7,7.82,3.29,39.24
7.15,80.6,10,8.11,3.35,34.17
8.99,75.23,3,7.41,6.13,19.23
17.49,80.93,15,6.04,2.11,61.27
13.97,83.82,12,5.07,7.23,45.11
8.82,81.37,11,5.24,2.16,30.96
15.08,96.62,15,5.73,3.68,59.31
12.58,87.61,11,6.11,2.94,42.38
17.81,87.4,12,6.84,3.75,61.08
7.79,89.98,10,5.99,4.39,33.21
10.03,75.89,12,7.34,4.37,40.77
9.65,93.31,8,6.77,1.99,33.91
3.22,84.39,10,7.01,1.25,21.86
13.78,90.36,5,8.14,8.51,43.16
13.57,76.43,6,5.82,2.53,34.78
12.03,72.57,11,7.42,4.9,40.79
10.59,91.54,9,6.99,0.28,41.47
3.51,88.01,6,6.67,2.94,25.32
9.48,77.78,10,7.89,3.25,33.44
9.94,78.04,18,7.88,4.45,47.45
7.19,94.0,6,6.05,0.0,35.65
11.03,75.48,20,6.82,3.83,57.56
14.42,98.14,11,7.28,1.2,52.65
23.32,77.8,10,6.73,4.15,72.69
13.05,90.11,12,7.59,1.43,53.99
13.55,82.37,16,7.28,1.79,49.41
11.55,89.83,13,8.83,2.95,53.78
0.49,80.65,12,5.47,1.4,17.07
11.84,83.7,13,6.88,2.55,48.95
12.36,85.33,15,6.09,1.11,50.4
26.78,76.98,11,7.6,0.0,76.04
10.85,90.93,11,5.38,5.54,32.42
13.81,80.89,12,7.35,0.91,56.43
11.79,83.17,13,6.37,3.14,37.83
4.99,77.05,16,6.27,5.01,24.64
18.86,64.5,9,5.55,2.27,48.15
16.51,83.47,9,6.53,1.85,59.2
16.75,100.0,14,8.08,3.95,62.21
6.54,91.28,13,6.97,5.74,39.24
20.42,84.85,7,7.63,1.16,64.67
3.59,82.9,17,8.66,3.2,43.2
15.52,85.18,14,7.26,0.04,57.34
25.14,89.38,6,6.44,2.71,57.62
6.06,75.55,11,7.47,3.57,16.83
8.6,93.91,20,6.46,1.79,51.65
12.6,90.72,10,6.5,2.59,51.86
8.98,90.75,10,5.48,0.68,31.05
2.7,88.51,14,7.93,3.65,36.22
12.41,85.16,15,6.61,5.61,41.81
5.63,90.38,10,7.18,1.31,34.29
14.84,89.73,12,5.96,2.25,55.4
6.48,82.17,8,7.44,4.51,23.4
21.3,80.41,11,6.24,5.92,57.77
7.3,85.81,14,6.86,0.51,39.05
10.07,97.39,13,7.88,3.16,52.92
16.88,75.09,14,7.79,4.07,57.04
4.61,73.26,13,6.98,3.3,28.29
13.36,86.32,9,5.23,0.0,52.58
19.84,85.41,12,9.99,4.5,70.24
2.36,86.39,6,8.75,6.54,14.2
13.11,86.95,10,7.72,3.73,45.87
13.56,83.21,12,6.25,1.44,47.64
16.69,96.92,10,6.89,2.47,56.75
4.58,72.19,9,6.46,7.04,31.44
4.08,78.37,14,8.26,5.32,32.85
15.13,84.17,11,7.26,4.78,37.21
13.78,71.85,15,6.22,4.21,43.18
13.5,83.59,5,6.53,2.18,26.74
14.08,98.29,9,8.12,3.1,50.15
7.92,85.17,16,8.6,3.34,34.82
13.39,86.85,14,8.53,4.6,48.51
13.76,74.92,10,7.76,6.52,32.31
7.71,80.07,15,6.75,5.74,38.55
23.19,82.0,16,4.0,0.66,68.77
14.84,82.46,11,7.3,3.95,50.45
4.85,95.25,9,7.0,4.97,27.57
15.94,89.46,8,7.14,4.74,39.71
6.15,76.11,13,7.05,2.24,36.16
16.72,86.97,12,5.67,9.33,57.52
18.95,88.99,13,7.56,0.95,67.92
7.08,94.12,12,7.63,1.33,39.19
17.78,97.64,9,7.68,3.97,49.25
14.48,76.88,10,7.95,7.73,37.11
16.93,78.51,12,7.6,1.83,58.47
23.38,74.94,9,6.59,2.97,66.23
10.53,83.13,7,6.93,5.65,33.48
7.48,88.73,15,7.09,3.46,46.31
6.66,92.9,7,7.11,2.83,34.65
7.11,84.39,16,8.0,4.63,44.7
11.54,82.44,13,7.64,4.05,41.78
14.05,86.21,12,9.08,5.56,52.99
13.66,78.32,13,9.21,6.08,44.96
16.96,100.0,11,7.08,4.11,58.12
12.08,72.14,12,4.0,4.08,35.9
20.72,86.48,14,8.24,3.93,77.88
10.41,100.0,8,6.46,4.48,31.26
28.32,85.05,8,6.2,3.61,73.13
15.75,83.48,12,6.6,3.5,59.78
6.86,82.14,7,6.55,5.89,27.57
5.57,83.56,13,7.61,6.53,36.13
14.89,95.98,7,5.44,0.48,50.3
10.66,67.31,9,5.92,3.52,37.43
16.28,97.27,9,7.34,2.12,49.2
14.84,73.61,19,7.62,2.88,51.15
11.56,82.87,7,7.64,4.31,36.81
6.92,81.57,9,6.21,4.84,13.9
2.91,89.71,9,6.02,3.28,29.14
9.32,72.22,18,6.49,0.0,53.6
17.14,88.7,14,7.24,1.57,59.45
13.28,100.0,20,8.49,5.29,63.28
4.53,74.09,14,4.95,0.0,28.04
13.04,86.52,18,6.78,5.87,53.71
14.31,79.7,12,5.67,4.54,44.81
6.7,88.41,11,5.35,6.13,31.05
12.92,85.15,18,7.97,3.1,57.09
12.35,79.87,10,7.54,0.0,51.34
5.14,88.9,10,7.45,4.36,32.29
14.15,99.43,10,7.92,6.05,47.1
15.36,83.47,14,6.52,5.35,58.99
18.5,90.76,9,6.57,2.17,48.29
18.32,74.65,7,9.19,3.67,51.27
3.73,77.35,11,6.75,2.43,30.58
6.37,88.78,6,7.74,1.86,25.39
15.09,96.87,16,7.01,5.41,60.76
15.08,87.84,11,5.15,1.1,52.29
15.09,82.5,17,4.96,1.71,50.11
35.12,84.99,12,6.42,1.29,92.18
15.43,75.0,7,8.06,0.52,45.92
18.81,89.84,11,7.79,3.79,57.14
17.72,92.06,12,7.91,5.82,71.74
15.91,81.38,15,6.01,3.13,49.92
10.11,81.24,8,8.62,0.49,46.59
16.55,87.13,8,6.04,5.18,43.13
7.36,81.51,13,7.21,6.87,26.82
10.58,84.47,13,6.99,2.21,45.33
9.09,100.0,10,6.83,2.54,45.51
12.49,83.02,13,8.34,4.53,53.99
25.89,82.13,13,6.29,6.74,77.74
0.8,79.82,15,5.65,2.46,40.22
16.12,90.95,9,7.02,0.84,55.13
2.32,83.55,7,6.6,4.76,11.94
9.17,79.81,8,10.0,5.1,39.39
18.53,95.57,16,7.68,3.51,67.31
12.39,96.36,13,6.59,2.38,56.53
5.53,80.2,16,5.94,5.49,24.47
7.71,70.07,13,5.12,4.56,41.53
16.08,93.06,20,5.97,1.96,71.65
7.62,79.52,13,7.11,3.6,26.34
13.3,91.33,14,8.43,0.8,54.33
12.27,69.24,9,8.12,4.87,41.92
8.09,92.14,18,7.23,2.98,55.91
24.86,75.31,8,6.68,2.63,54.93
15.8,90.85,12,7.27,3.43,59.36
0.0,85.11,8,6.48,3.58,2.75
13.12,77.37,9,8.72,5.29,41.92
8.03,81.74,14,6.81,4.68,43.68
17.11,90.49,15,6.91,3.19,58.39
7.24,85.85,11,4.78,5.03,19.3
11.31,89.68,10,6.8,4.3,41.91
15.03,100.0,13,7.84,2.65,56.64
17.19,72.49,18,5.93,3.25,61.66
4.8,97.94,17,6.25,3.2,35.52
9.99,85.83,14,7.79,4.51,40.39
9.15,77.81,8,5.52,2.77,17.14
8.08,74.36,6,8.06,2.72,29.13
22.59,83.49,7,6.47,7.44,52.67
14.43,92.37,15,6.61,5.38,47.08
4.43,83.98,7,5.88,1.98,22.51
17.51,97.09,8,7.38,4.64,59.9
24.73,73.39,16,9.46,3.74,76.52
18.19,84.9,14,7.78,4.28,62.81
2.88,74.98,14,6.14,3.77,25.76
9.09,87.91,13,8.14,5.88,34.71
19.6,92.1,17,6.68,4.19,80.31
7.75,81.63,8,8.37,3.38,30.02
14.66,64.17,9,7.81,5.58,42.78
16.65,86.59,7,4.06,3.97,45.35
6.44,88.49,18,6.0,3.74,40.42
11.64,88.23,13,7.94,4.13,51.7
0.0,94.89,11,7.15,3.31,24.58
5.85,76.43,19,5.98,3.52,29.58
10.48,90.44,9,6.37,2.33,37.34
4.51,94.54,13,5.09,2.0,28.36
21.79,70.77,9,6.91,1.5,55.02
3.42,87.56,13,9.21,0.72,30.1
9.36,80.97,16,7.8,1.74,54.17
12.78,84.35,14,9.19,3.15,63.59
20.65,87.78,13,7.88,3.71,72.14
3.38,81.1,9,8.03,2.96,32.19
18.98,79.59,12,8.97,0.0,63.16
12.06,85.27,20,7.38,6.65,50.76
6.11,76.3,10,6.81,5.67,20.42
14.77,76.31,11,8.03,4.39,51.42
13.19,90.43,13,8.45,7.31,51.25
8.4,75.81,16,6.52,1.55,41.07
12.42,90.33,6,6.28,7.28,41.09
9.69,88.7,7,7.14,1.57,38.98
12.68,71.19,18,7.83,3.98,47.07
15.97,79.58,16,7.8,0.95,57.43
21.52,94.55,14,5.58,3.53,71.03
4.57,77.15,8,8.91,4.27,31.13
24.8,81.28,13,6.36,3.19,73.18
0.29,88.7,10,6.73,4.93,28.68
11.09,91.27,16,6.1,3.7,58.27
15.53,82.99,15,9.7,2.46,65.25
13.69,80.22,17,7.24,2.37,50.94
8.26,96.38,13,6.15,5.12,31.64
10.75,98.91,11,7.86,2.19,46.55
9.04,92.83,6,7.77,5.33,37.15
8.46,85.68,17,6.81,5.95,52.97
17.1,78.53,9,7.84,0.16,56.5
14.14,78.36,10,6.17,5.77,46.99
7.84,89.18,11,6.51,7.62,29.97
17.4,88.35,8,4.99,4.0,50.01
13.84,96.21,11,5.68,4.7,51.63
16.88,90.2,14,8.81,5.57,49.88
15.78,72.98,14,8.64,2.95,53.37
7.03,93.42,16,7.07,3.86,48.78
8.64,77.02,9,8.66,0.87,39.2
16.48,81.93,13,6.84,3.78,47.01
15.66,87.0,11,6.76,4.5,36.13
11.87,100.0,16,7.06,4.53,52.39
12.7,100.0,11,6.88,5.63,47.07
19.67,89.85,9,6.78,1.95,53.76
8.45,83.53,12,8.14,2.43,41.79
15.28,89.28,15,7.15,7.29,56.79
10.79,92.1,14,7.71,3.2,53.49
10.69,82.43,12,8.03,3.9,29.85
18.59,99.36,12,7.39,3.37,56.39
16.95,86.84,18,6.03,1.86,62.06
16.88,88.98,20,5.65,6.75,64.79
19.83,90.33,13,7.15,2.44,68.2
12.13,88.37,7,6.83,1.25,43.83
16.09,91.71,7,7.09,2.6,47.17
10.14,80.06,11,6.98,0.0,39.87
13.94,80.53,9,9.58,2.2,45.89
11.22,76.2,11,5.67,1.56,42.7
12.58,88.52,14,5.01,4.73,39.41
15.57,91.23,12,7.33,2.15,61.23
7.09,88.66,10,6.62,5.28,32.06
24.55,98.4,8,7.32,6.3,66.53
5.96,84.96,9,7.58,5.06,24.46
4.71,90.35,15,8.28,3.07,31.81
18.95,76.27,6,5.49,3.78,40.33
16.75,81.9,11,6.44,0.45,52.15
15.74,90.56,14,7.43,3.23,44.83
15.77,91.79,9,7.77,1.78,52.79
11.93,82.65,11,9.19,4.89,51.36
6.62,84.43,20,7.96,8.65,45.69
12.45,72.86,10,6.94,4.5,35.16
7.94,82.14,8,6.11,0.0,32.07
17.85,92.12,15,6.44,2.78,59.78
11.12,89.6,10,6.41,3.74,41.24
7.05,89.01,11,7.66,3.67,45.06
10.07,85.4,11,7.26,2.04,47.46
14.48,85.06,12,5.68,3.99,49.73
8.62,79.72,17,6.56,1.01,42.45
7.07,90.59,15,7.88,1.61,49.37
13.46,88.37,10,7.35,4.79,35.96
13.47,88.94,4,7.57,1.47,39.6
8.96,80.79,12,7.38,4.58,40.66
9.17,67.77,13,8.63,0.76,45.76
13.39,93.78,20,7.24,7.03,63.03
3.31,81.17,8,6.61,1.95,22.97
3.56,78.1,12,6.08,3.05,23.16
7.69,90.55,6,7.25,4.16,32.51
10.72,81.86,12,4.56,2.37,31.85
13.87,93.48,12,6.82,3.79,46.03
20.85,89.94,14,6.79,4.65,66.1
17.15,90.47,12,5.64,5.42,53.33
11.04,74.07,13,6.07,5.08,26.92
11.89,94.7,11,7.81,3.16,51.25
5.98,87.09,7,7.23,3.21,31.65
11.89,82.05,12,7.1,8.2,38.92
10.27,86.15,11,7.31,5.4,52.93
13.94,70.79,16,7.09,1.66,48.24
7.04,88.27,6,8.24,3.7,27.89
15.12,76.77,17,7.12,2.83,54.53
21.2,74.18,14,5.54,3.23,59.65
11.35,72.82,13,8.63,1.04,45.35
14.41,93.9,15,7.37,2.68,50.64
16.14,79.97,13,6.41,7.12,45.14
9.59,97.27,13,5.75,4.66,41.18
13.34,80.71,11,7.4,0.0,56.39
12.08,71.34,14,6.88,5.93,53.64
12.59,76.07,7,8.57,5.68,45.04
7.36,94.89,12,6.65,2.78,34.42
12.15,83.75,16,6.16,4.93,43.45
14.99,80.61,12,7.9,1.78,52.42
20.71,86.28,11,7.93,2.56,74.8
17.76,89.01,12,7.17,6.5,54.35
24.92,93.94,9,7.68,2.96,64.03
7.4,96.59,12,6.96,0.0,40.1
17.23,82.12,7,7.23,3.37,52.45
13.1,74.39,20,8.16,3.34,61.98
25.14,81.69,8,7.63,5.9,62.49
7.15,87.08,10,6.83,3.53,36.62
6.96,77.29,10,8.35,2.66,20.21
8.4,77.34,12,4.64,5.59,28.72
0.0,87.75,11,9.05,3.74,29.47
8.85,84.61,9,5.29,2.0,27.29
7.45,85.26,15,6.37,5.81,31.79
12.9,78.93,14,6.96,3.89,36.56
14.05,83.16,11,6.85,3.51,55.97
23.26,77.61,10,8.01,3.86,60.14
17.7,92.12,9,5.94,1.36,55.78
8.54,93.28,10,7.26,2.44,42.99
6.61,70.23,10,6.42,3.51,33.98
14.95,77.56,7,7.3,3.11,41.55
4.08,73.03,12,6.94,6.04,19.43
22.99,79.8,18,7.09,3.93,74.9
19.08,84.33,9,6.45,5.21,59.27
9.18,73.4,9,6.49,3.52,29.2
1.72,77.63,4,7.29,5.61,3.46
20.12,76.97,15,7.94,4.3,55.49
11.31,86.66,12,6.4,3.53,35.85
19.43,85.55,8,6.13,3.47,57.57
2.43,79.23,11,7.61,1.59,23.87
8.4,86.41,12,6.97,4.51,33.68
12.03,80.63,11,7.83,3.42,40.01
12.28,82.83,13,6.09,2.5,45.89
9.3,98.39,12,5.22,5.71,36.51
15.74,95.72,15,6.47,1.0,60.18
5.59,74.6,12,6.23,2.66,35.73
11.15,91.64,13,6.92,5.56,53.54
12.72,91.49,4,6.36,4.13,25.81
15.09,75.81,8,7.74,3.4,46.13
16.27,91.55,8,6.71,4.0,44.42
5.25,97.3,9,7.15,3.86,29.66
2.8,76.02,9,7.16,0.47,24.48
19.67,77.66,5,7.19,2.8,47.95
13.99,93.14,5,6.98,6.73,39.66
7.51,87.17,12,7.51,2.18,43.02
21.31,89.41,13,6.2,2.86,67.29
12.69,87.72,8,8.4,2.42,41.96
19.08,88.13,13,6.76,3.33,57.8
12.41,74.39,15,5.69,2.33,36.83
24.36,93.38,7,7.19,4.47,59.99
22.53,94.36,14,6.15,3.89,81.24
10.51,83.16,14,7.67,5.05,39.66
17.83,84.65,9,9.21,1.4,52.39
15.87,72.75,9,6.21,2.82,45.39
20.21,89.11,14,7.33,3.05,66.33
6.21,89.58,18,5.24,4.41,37.67
16.12,84.5,9,7.45,1.91,59.56
18.35,93.99,11,6.11,5.33,58.72
1.45,82.33,12,6.38,5.87,16.16
4.9,89.52,11,5.9,1.52,27.96
0.0,76.84,8,7.73,2.52,12.16
10.38,84.81,11,8.01,2.44,48.57
16.31,83.61,15,7.02,8.76,50.58
21.01,86.8,8,6.14,2.64,46.72
12.44,82.04,7,8.59,6.86,37.56
21.77,83.95,15,6.25,0.97,60.8
3.72,91.61,12,4.84,1.52,40.42
1.78,81.51,11,7.46,2.13,18.71
11.67,72.15,13,5.9,1.81,40.07
14.3,99.0,18,7.99,2.96,67.02
11.8,96.05,12,6.62,2.08,47.18
0.0,74.66,15,7.6,1.86,23.13
11.47,90.52,8,8.4,5.82,43.13
4.17,80.98,14,5.79,5.95,34.56
16.02,87.11,12,6.43,5.4,55.11
14.2,87.35,10,6.92,4.55,54.65
6.36,83.12,11,8.54,3.69,28.76
8.92,78.73,13,6.34,2.51,39.66
5.64,79.48,16,6.41,1.59,37.76
11.62,77.67,16,7.48,4.23,49.99
17.73,78.35,10,6.42,1.15,60.6
6.09,84.46,13,7.15,1.51,35.47
15.02,79.27,9,5.45,5.81,36.96
8.82,90.46,16,9.21,7.3,50.19
7.24,96.9,16,5.65,4.29,31.13
11.36,80.36,15,6.68,5.71,42.3
5.79,86.92,9,6.97,3.01,28.51
8.68,89.0,17,8.91,0.82,48.38
4.81,88.78,8,5.68,4.72,28.05
23.79,85.61,20,8.98,4.64,77.53
12.21,90.94,10,7.76,3.64,45.24
7.8,88.86,14,7.42,3.02,43.8
13.28,75.1,15,6.02,5.42,52.49
11.33,91.95,12,7.57,1.53,49.11
10.67,92.1,11,6.28,1.95,48.63
15.69,78.89,11,8.27,1.48,57.88
16.55,85.3,12,6.03,3.67,52.76
8.82,90.47,10,6.89,1.32,33.23
8.55,83.33,14,6.44,2.13,32.36
10.35,93.58,14,6.01,2.09,47.28
0.0,100.0,14,7.74,2.98,27.61
2.91,78.71,13,7.54,0.53,35.6
20.2,73.95,12,8.21,3.67,64.73
21.87,87.43,6,5.22,5.99,49.68
10.51,90.77,20,8.06,3.77,50.79
15.46,83.15,12,9.51,6.58,56.68
13.87,96.63,12,6.55,6.17,43.07
30.47,74.29,9,8.9,5.06,72.64
18.72,90.54,8,6.74,3.65,48.28
11.23,80.15,12,5.63,3.55,38.13
6.27,98.76,9,6.69,5.03,38.18
2.36,100.0,11,8.05,2.72,32.08
13.22,78.87,13,6.16,0.0,46.13
7.46,80.6,12,6.4,4.48,23.42
3.47,91.88,19,7.59,1.24,46.9
8.12,81.9,5,7.0,1.58,23.61
5.51,84.64,9,7.58,3.5,29.48
22.12,85.2,11,7.24,3.31,62.74
17.29,69.64,10,7.48,0.68,56.56
11.95,84.89,12,6.57,3.83,42.75
20.88,79.48,14,7.23,5.43,62.25
12.46,81.06,9,6.07,1.24,43.46
6.83,96.55,13,8.29,6.04,52.17
21.14,74.95,12,6.37,0.38,67.11
15.23,91.51,13,8.13,7.73,52.78
5.78,82.77,10,6.77,2.68,29.27
10.86,82.76,6,7.2,3.79,30.52
6.75,91.32,15,6.51,0.0,37.84
3.7,87.72,12,5.98,3.38,23.96
17.56,89.56,11,5.26,3.96,47.63
23.46,92.75,9,5.94,3.33,67.98
3.61,82.35,10,6.68,2.37,18.7
15.38,80.1,4,7.21,1.61,48.8
8.1,76.32,16,8.01,5.76,44.38
9.08,78.4,8,6.55,3.56,30.37
8.45,100.0,11,6.12,6.58,36.32
6.82,94.96,15,5.56,2.45,36.9
12.29,74.19,5,7.48,2.63,35.54
7.01,74.42,11,8.38,5.13,37.74
13.62,88.85,19,8.27,0.25,61.61
11.7,89.38,9,7.71,1.07,36.71
10.57,89.39,17,7.64,5.69,54.01
6.55,82.96,15,8.7,1.16,45.63
8.54,84.0,12,7.33,0.0,35.55
16.53,87.62,7,7.65,7.24,41.25
15.01,85.69,9,6.68,0.71,44.2
6.13,67.25,14,5.64,3.87,22.88
12.6,83.16,13,6.32,3.64,43.64
16.51,78.19,11,6.99,0.0,52.47
1.98,86.4,17,7.06,2.97,29.44
15.26,100.0,13,8.93,4.4,56.81
8.02,87.94,9,7.08,4.21,31.81
15.42,82.49,19,8.18,5.31,62.89
7.42,92.37,16,6.56,2.73,41.98
1.17,88.86,12,6.69,4.93,29.05
2.23,88.36,12,5.67,2.12,27.91
12.29,89.85,12,6.26,0.68,39.3
13.56,100.0,13,7.53,0.9,61.27
6.57,75.95,13,7.01,0.58,39.07
15.83,88.79,8,7.94,5.52,45.73
2.03,77.59,20,7.18,0.47,28.92
11.6,89.44,11,6.65,4.05,42.99
4.73,77.65,13,9.15,2.97,34.6
8.09,81.66,11,6.91,3.29,28.22
12.28,82.64,20,8.16,6.23,47.77
6.84,92.81,11,6.6,2.62,35.27
9.69,92.35,9,7.71,4.72,37.43
18.04,75.03,8,7.93,3.58,47.76
8.54,85.44,12,7.21,3.2,38.5
17.01,79.32,16,4.65,8.1,43.01
5.22,74.93,12,7.02,0.62,28.58
15.18,83.26,9,8.23,6.08,49.71
20.65,82.53,15,7.53,4.81,63.81
0.0,100.0,10,7.45,2.54,15.18
7.22,88.46,18,5.28,6.76,35.46
15.46,73.98,6,6.28,0.0,35.64
10.78,80.48,12,7.41,2.46,44.6
14.23,93.17,20,7.41,1.08,68.86
8.38,100.0,12,8.21,4.32,34.86
12.52,72.31,13,6.86,1.27,49.75
11.07,69.96,8,7.41,4.37,26.17
19.01,99.97,10,7.02,3.13,70.54
13.53,88.12,13,6.01,2.54,49.14
14.03,78.05,15,4.74,4.28,38.37
9.53,89.28,11,7.43,2.96,34.93
9.07,63.91,9,7.17,1.32,32.58
9.4,85.03,8,6.38,9.1,24.84
14.37,87.62,8,5.38,2.53,41.85
9.47,92.39,14,7.63,0.0,59.4
13.74,76.89,11,6.73,1.82,41.58
24.45,85.69,13,7.56,0.97,75.9
17.23,77.6,6,8.86,5.15,55.09
10.04,87.04,18,4.86,4.14,46.69
19.21,77.84,11,6.3,4.3,44.26
9.55,81.74,15,6.79,2.76,46.58
0.0,77.03,14,8.45,2.94,18.18
5.95,90.21,12,5.36,2.76,39.86
0.78,91.87,11,8.94,3.34,22.85
9.89,83.12,11,7.14,5.17,54.47
12.11,85.31,15,6.9,4.17,57.25
22.06,73.41,7,6.8,4.5,48.35
13.96,82.6,18,6.56,4.5,55.02
10.69,84.6,12,8.05,5.27,47.11
16.98,100.0,10,5.93,4.08,58.68
0.0,76.1,12,7.35,4.22,20.58
13.41,96.71,7,6.62,5.88,48.48
16.63,92.97,19,6.24,2.17,66.03
3.13,87.25,9,9.59,1.79,28.8
18.86,99.07,7,7.42,1.13,57.53
14.03,87.98,8,7.61,3.87,50.24
9.51,88.11,12,8.14,0.0,49.13
15.8,84.58,7,5.58,4.42,43.07
25.62,94.79,12,8.75,3.28,84.24
13.09,93.77,16,4.49,5.77,36.34
13.49,79.99,15,6.23,2.16,52.22
9.24,74.45,13,6.54,3.09,38.2
6.9,83.38,11,7.58,5.74,41.42
16.98,78.6,14,7.22,6.27,44.78
6.86,84.49,13,6.83,2.14,45.94
12.43,94.9,17,6.99,3.86,56.37
9.13,81.34,6,6.02,4.09,29.56
14.87,84.66,12,5.5,4.25,56.38
14.0,85.46,9,7.73,2.97,50.25
18.23,91.79,10,7.69,6.06,58.14
8.94,67.02,9,8.58,0.0,37.08
10.38,80.15,9,6.21,2.66,32.26
6.13,86.69,7,7.69,4.4,27.0
9.33,94.6,13,6.72,4.41,38.59
14.26,81.06,10,8.19,6.21,45.04
16.54,69.99,10,8.02,5.9,32.8
6.47,89.96,8,7.21,2.93,33.26
17.22,79.92,10,6.66,6.1,47.0
20.13,75.48,9,7.96,2.07,55.61
14.48,80.01,13,7.65,5.36,50.67
23.26,83.52,13,6.32,7.12,55.33
7.36,80.16,14,5.67,5.93,42.81
4.53,67.36,16,6.71,3.71,28.62
1.33,92.18,14,8.52,2.84,31.87
20.98,95.2,11,8.15,0.44,65.02
15.93,90.21,12,5.89,4.12,51.78
11.67,75.9,15,5.83,1.27,53.47
13.68,83.39,13,8.27,1.91,59.66
5.25,84.95,14,5.86,1.12,39.17
26.67,89.79,16,7.51,2.58,87.09
12.78,90.35,13,6.38,3.44,46.46
12.66,79.13,11,8.62,4.05,37.64
16.35,85.66,12,6.23,2.3,52.42
14.89,88.66,18,8.14,5.64,59.64
13.34,96.65,7,7.18,3.08,51.18
7.26,90.64,16,7.25,1.92,47.0
14.83,91.31,6,5.03,3.95,48.74
23.29,85.67,9,4.8,7.43,61.88
20.07,96.28,15,6.78,4.17,65.5
21.56,88.28,16,7.25,2.77,62.07
8.93,78.11,13,5.87,0.45,46.69
6.06,96.23,10,5.91,3.06,39.76
11.25,90.58,12,7.56,3.97,38.22
12.33,81.46,18,7.56,2.72,63.89
18.57,81.16,8,6.86,0.17,56.54
1.85,87.37,19,7.78,1.8,39.77
21.18,88.71,8,5.83,6.41,62.83
11.05,86.58,13,6.64,6.37,49.16
9.44,87.49,14,8.65,1.73,52.68
5.93,98.6,10,7.07,4.85,35.87
2.07,93.57,10,7.13,1.14,31.15
16.94,86.53,16,9.31,6.31,61.11
12.44,92.53,10,5.6,3.99,41.67
4.26,76.74,8,7.8,5.4,15.65
4.23,88.18,20,8.66,0.07,47.07
9.99,99.47,17,6.68,4.86,48.72
22.01,83.26,13,7.86,3.48,64.32
10.44,78.22,11,6.02,5.2,35.24
2.98,79.78,15,6.31,5.33,24.32
10.53,76.28,10,7.38,3.63,39.97
10.36,78.72,12,7.8,2.3,33.32
0.0,82.04,16,8.12,5.06,25.87
11.67,73.76,16,8.57,3.38,50.77
10.61,85.12,11,6.93,1.75,40.68
16.18,92.22,12,8.19,1.66,59.24
23.09,77.74,20,6.66,0.55,69.67
18.76,97.15,7,7.9,2.48,60.43
10.39,89.09,5,7.21,5.71,35.02
5.36,93.24,9,7.45,3.86,33.48
27.44,79.74,11,7.42,2.44,80.97
12.36,91.84,15,5.4,5.11,48.4
12.08,76.26,10,5.88,1.84,41.52
11.86,92.12,15,7.1,3.69,52.32
13.19,86.37,12,5.31,3.14,48.57
11.13,89.43,16,7.83,5.06,41.64
8.56,75.6,12,7.87,0.35,34.99
8.72,77.84,9,7.33,1.8,43.37
11.8,89.78,8,5.88,0.22,27.17
8.74,77.41,14,8.38,2.98,41.6
7.72,88.71,18,9.04,5.92,54.98
12.64,74.06,17,7.15,2.49,50.8
10.47,91.79,11,7.51,2.48,42.53
21.02,75.14,18,7.2,5.24,68.09
0.0,89.42,7,7.53,5.64,12.08
18.55,90.01,18,6.88,3.32,68.61
19.48,79.43,11,6.97,4.87,51.5
0.0,89.66,13,7.91,1.35,34.34
9.94,87.08,13,9.35,6.26,53.5
9.77,80.69,20,5.6,7.8,42.56
3.55,76.93,12,6.9,4.54,16.18
7.33,69.3,11,5.82,0.0,27.09
5.34,87.8,12,8.59,2.38,36.05
22.51,72.48,13,6.41,4.73,64.01
17.61,85.76,16,5.56,2.66,54.29
19.63,82.89,8,7.64,6.04,48.38
16.33,90.43,15,8.74,4.68,65.36
5.23,82.58,15,7.66,2.09,43.2
8.85,82.36,10,7.2,3.56,31.77
14.94,90.85,9,7.41,1.71,43.57
4.67,87.68,8,8.41,3.13,47.72
16.28,87.53,12,6.13,2.39,58.25
10.56,88.75,18,6.89,5.85,47.86
9.75,72.72,12,6.55,7.73,36.32
16.27,91.05,15,5.83,0.64,59.57
14.67,89.9,10,6.67,0.0,56.95
9.83,76.87,9,8.11,3.01,37.54
18.96,83.05,9,7.57,0.46,58.95
5.51,84.69,9,7.64,3.59,28.2
15.7,83.92,16,7.15,5.0,48.4
15.56,87.67,8,7.52,6.49,56.6
10.14,96.45,10,6.2,3.9,34.59
13.96,93.65,11,6.69,3.11,42.26
4.49,74.5,13,7.19,0.0,30.68
17.54,89.98,19,7.28,3.55,62.92
10.89,95.63,9,7.32,3.64,42.2
8.86,88.09,13,6.86,4.78,43.54
18.29,93.73,11,6.62,2.08,65.45
7.77,100.0,14,10.0,2.63,56.31
3.55,93.19,10,7.91,0.54,30.99
2.66,86.99,11,7.41,0.0,30.14
15.64,93.36,19,6.77,1.28,69.25
4.32,86.16,10,6.55,0.36,19.16
22.53,85.19,12,6.87,4.17,68.66
0.0,82.19,14,7.29,2.46,16.14
22.18,97.51,13,5.12,2.42,79.82
13.27,78.45,7,5.43,1.53,34.57
11.42,97.26,17,6.36,0.0,56.13
8.73,89.0,15,7.21,6.52,37.06
14.39,73.81,11,6.76,1.5,42.68
11.77,87.94,16,8.48,2.68,68.41
18.62,68.2,12,5.52,0.59,58.1
12.69,90.0,12,6.25,5.44,35.58
12.9,92.08,20,8.52,3.79,72.32
9.82,80.26,10,7.13,1.85,45.06
11.66,85.99,16,7.88,2.72,51.51
13.85,100.0,14,9.05,6.86,59.32
1.74,80.95,8,6.31,3.35,15.9
3.91,76.53,5,6.9,3.14,27.45
16.46,96.85,12,6.73,1.62,54.6
13.03,100.0,15,5.05,0.0,56.46
10.9,85.03,8,6.69,3.18,34.28
12.11,93.09,16,7.88,4.15,46.65
14.09,95.73,11,7.54,5.7,62.86
8.76,79.06,8,7.62,0.0,28.91
7.33,81.12,19,6.62,1.25,47.18
13.18,94.85,9,6.34,2.34,36.03
6.13,98.48,18,8.27,3.49,46.68
14.45,89.5,10,6.5,3.21,50.21
1.78,77.96,10,7.29,3.26,15.43
18.17,100.0,12,7.16,4.32,65.24
14.84,80.75,9,8.46,1.69,48.51
13.54,82.32,9,7.97,5.37,49.86
17.9,87.74,10,5.7,4.37,59.11
21.99,97.43,12,5.81,2.86,63.9
18.09,91.83,9,7.58,6.7,53.69
0.95,88.32,10,6.94,6.61,18.79
4.32,88.71,12,6.54,5.37,31.47
8.25,85.35,13,8.02,0.0,44.86
12.16,89.47,11,7.19,6.66,43.71
15.11,64.76,14,7.05,5.09,44.75
7.65,82.63,13,7.78,7.51,35.27
13.12,86.93,11,6.62,5.97,50.66
7.47,75.79,9,8.57,6.66,32.56
8.33,88.09,12,6.21,5.26,39.22
3.56,83.36,15,7.66,6.2,34.71
6.46,99.04,13,8.43,7.49,38.06
3.89,97.58,18,5.62,3.93,39.85
6.14,81.27,14,6.66,0.36,31.1
18.32,83.79,9,8.14,2.89,63.46
6.3,84.41,17,8.16,4.28,26.28
27.79,81.39,18,6.83,3.65,83.31
14.96,86.56,12,6.27,1.01,59.02
13.11,78.93,15,7.96,0.24,47.15
6.85,75.96,19,8.18,2.02,48.17
16.2,89.98,14,5.84,5.12,49.95
8.55,90.04,7,5.8,6.66,24.65
12.73,78.57,8,7.23,5.33,42.79
27.36,92.16,10,7.63,5.61,75.81
11.42,79.95,13,6.7,3.34,31.5
18.9,87.03,12,7.68,0.02,58.97
7.78,91.56,13,6.29,2.59,45.12
11.79,84.73,13,4.89,2.98,44.54
22.62,88.64,10,6.58,2.51,74.9
8.24,80.87,11,7.06,3.61,44.41
22.87,83.43,14,6.72,4.38,65.86
16.25,83.35,14,5.84,5.21,66.14
8.63,79.03,10,5.18,2.94,30.23
15.79,83.59,14,6.49,0.0,52.0
17.84,72.61,10,7.9,2.53,49.2
15.73,81.07,16,8.26,3.59,46.69
2.58,82.72,20,8.19,5.95,46.2
7.64,82.95,9,6.18,2.36,39.85
10.51,83.07,17,5.85,4.53,39.26
11.55,84.51,11,7.5,4.08,41.74
15.72,88.84,12,7.64,3.59,55.63
13.07,92.0,15,7.4,5.36,47.26
3.99,79.8,14,4.99,2.18,17.0
14.28,75.37,17,6.13,2.35,51.8
15.66,76.66,12,6.97,3.48,47.84
15.36,81.1,11,7.49,2.22,49.23
18.48,82.18,6,7.77,4.52,50.48
17.0,78.84,10,7.14,2.07,60.23
14.76,74.63,14,7.33,3.95,48.65
11.58,81.35,12,7.08,3.3,44.38
2.03,86.45,16,7.69,3.93,36.44
14.58,89.76,14,7.31,2.58,59.46
13.25,80.54,19,7.07,2.82,53.5
13.63,81.7,15,6.73,3.69,51.37
4.34,77.59,15,7.08,3.9,34.46
5.51,84.75,11,7.48,3.49,25.01
18.32,78.21,15,7.27,6.91,64.33
11.76,89.59,12,7.38,1.52,57.11
16.09,70.71,10,8.34,3.37,44.65
12.17,82.12,14,7.27,0.35,52.21
12.18,87.41,13,6.35,4.24,49.19
17.63,86.47,14,7.88,1.27,60.76
8.9,100.0,16,5.63,2.94,49.8
12.58,87.8,9,5.92,2.76,42.17
9.23,76.97,12,7.34,4.06,28.6
9.39,84.24,11,7.52,2.39,43.0
10.14,70.79,7,5.75,2.31,21.68
13.33,84.36,9,6.62,6.37,44.91
9.13,78.34,9,6.39,4.07,27.05
19.53,92.32,13,6.51,2.38,63.18
6.63,80.6,12,7.94,3.0,43.24
10.88,84.07,13,7.71,6.79,45.01
9.36,79.92,12,6.98,3.03,32.31
20.68,98.91,16,6.45,2.12,67.16
13.18,82.43,18,5.65,2.13,50.25
18.19,99.66,11,8.42,2.4,67.28
3.09,91.51,12,7.59,2.31,33.75
13.6,88.86,19,6.29,0.94,55.79
17.34,87.95,9,7.72,1.25,49.55
12.49,88.15,11,6.93,1.84,48.77
18.39,69.58,11,6.71,4.68,48.64
8.9,82.77,9,7.44,2.74,47.9
20.46,91.76,8,6.26,3.09,57.56
25.79,84.61,13,6.66,6.04,81.3
9.82,73.76,19,7.12,6.09,38.01
9.33,84.58,7,6.5,2.94,22.78
20.72,98.63,16,7.67,2.24,69.06
21.48,94.98,19,8.87,1.77,90.08
8.86,84.5,10,6.25,4.89,42.78
9.48,92.61,13,5.33,3.09,36.19
10.31,82.07,14,5.0,2.73,37.39
3.93,71.37,7,6.85,1.87,11.78
6.49,77.6,10,6.34,1.96,18.38
5.98,97.5,8,7.21,4.14,35.16
7.39,82.81,10,7.13,0.87,36.4
11.79,83.05,4,5.4,5.49,27.09
13.41,82.6,14,5.19,2.43,39.11
21.3,100.0,9,7.3,3.2,74.72
6.01,98.01,14,7.14,0.83,40.17
17.91,100.0,15,6.57,3.48,68.3
10.72,83.73,8,5.34,2.84,25.02
11.7,87.36,12,7.47,3.4,45.23
16.05,72.87,13,8.27,6.44,52.18
5.26,96.82,11,7.28,3.86,35.99
14.29,75.66,10,6.15,1.91,44.42
13.0,86.73,15,7.04,2.08,56.31
14.95,76.22,13,5.63,4.69,38.93
13.74,80.29,8,8.06,6.1,42.09
26.73,78.3,9,7.08,4.06,68.51
8.17,80.14,12,5.23,4.88,31.89
8.81,80.69,19,6.7,4.72,45.85
8.26,80.61,14,7.46,6.34,29.78
8.67,91.67,7,6.67,0.0,28.54
8.18,76.16,8,6.72,4.83,14.06
19.13,86.76,10,5.78,5.47,57.2
20.52,94.74,7,7.57,0.82,66.87
8.58,80.89,16,6.35,1.73,47.83
7.01,79.26,15,4.84,1.8,36.28
14.83,83.16,10,6.63,2.04,35.68
8.69,94.44,9,7.98,2.54,34.3
15.8,86.55,12,6.61,3.99,52.86
13.22,80.75,5,8.74,5.23,38.86
2.91,88.87,9,7.43,5.66,21.15
21.29,76.18,8,7.34,1.82,59.71
22.78,90.45,9,6.87,1.81,65.71
8.32,88.27,19,6.93,6.13,46.67
9.67,82.54,10,6.74,4.79,31.15
13.72,78.29,4,6.7,3.67,39.67
14.01,77.91,14,7.53,4.45,47.39
15.95,89.28,19,6.06,3.44,54.84
24.06,94.83,14,5.92,4.55,67.58
10.94,79.9,12,5.88,2.83,37.52
7.21,88.67,11,9.05,4.04,44.76
3.72,68.3,10,7.53,0.48,24.03
7.61,80.32,12,7.3,2.12,35.66
11.8,84.75,8,5.94,2.15,30.7
22.77,77.72,14,7.62,2.75,73.89
8.89,77.51,12,6.88,1.65,34.22
13.34,79.66,12,7.21,2.43,46.98
11.9,87.34,12,6.02,0.47,55.07
19.13,83.5,14,7.16,4.6,63.98
27.16,67.09,7,6.58,3.33,52.5
8.81,68.03,7,6.23,0.09,17.53
9.06,80.15,12,7.73,1.83,40.45
18.26,88.66,13,5.46,4.17,49.31
16.09,63.02,11,7.56,2.41,50.78
23.08,81.0,14,7.68,2.11,72.07
15.5,80.79,10,6.12,3.35,47.07
9.84,96.11,14,6.18,4.19,40.65
15.54,81.92,16,6.78,0.63,69.38
18.65,88.06,9,7.28,4.6,70.98
16.92,86.13,14,6.85,1.9,57.89
15.04,67.96,13,7.43,3.46,50.1
18.4,91.15,10,8.76,3.43,61.49
19.02,86.72,8,6.49,2.45,52.46
20.29,89.07,11,5.28,1.45,55.2
15.89,100.0,9,7.83,2.93,49.55
11.0,68.33,12,8.68,6.75,31.46
12.88,98.8,10,7.39,0.78,54.33
19.24,82.7,8,5.91,6.88,44.39
7.1,87.3,11,6.88,2.98,19.92
14.21,84.64,12,5.88,3.57,49.46
9.64,81.61,7,7.64,1.33,35.36
12.17,80.44,14,5.65,1.96,53.19
19.67,87.64,10,6.7,2.49,61.0
13.15,72.86,8,6.0,1.41,29.12
12.28,91.0,9,7.13,3.08,31.12
3.84,81.67,10,6.63,2.69,20.54
16.48,75.96,13,7.18,7.2,45.66
15.87,81.4,7,7.02,1.17,52.31
24.98,95.06,10,6.01,3.71,69.18
10.15,80.72,13,7.63,4.0,48.76
13.31,87.87,14,6.95,1.36,45.92
13.5,79.15,12,6.01,4.87,48.22
21.46,91.06,9,9.24,2.7,71.55
11.43,90.48,13,7.48,0.0,40.07
13.67,99.79,9,6.85,4.82,54.85
15.65,83.6,12,8.42,1.27,57.8
13.12,90.35,18,8.84,1.4,66.02
9.32,85.78,11,6.85,4.88,31.78
13.16,95.37,16,7.35,2.81,65.3
18.44,79.25,13,6.01,5.34,46.79
5.84,90.96,16,6.85,5.92,42.36
12.8,83.44,17,6.8,2.21,58.95
7.8,84.49,11,7.18,5.09,28.17
19.17,85.73,14,7.33,1.99,76.26
2.86,87.02,17,7.56,7.97,32.53
8.65,84.07,10,7.24,2.11,40.81
14.26,86.72,11,5.79,5.55,35.26
21.39,97.62,11,6.06,5.19,75.08
11.61,92.88,13,6.45,4.13,39.39
8.67,91.95,7,6.72,2.16,40.05
23.29,81.36,10,8.05,3.2,60.59
3.31,77.89,16,5.84,0.0,28.46
0.0,92.64,6,6.64,3.95,18.03
14.64,92.01,9,7.95,4.2,55.59
8.99,96.78,12,6.7,3.77,34.57
5.87,80.17,7,7.46,0.0,34.74
16.25,83.16,11,6.86,0.97,59.84
13.46,71.88,13,7.26,2.0,41.86
8.62,81.86,10,6.77,4.08,42.47
4.32,92.97,15,7.67,4.08,28.96
17.23,81.27,11,5.45,3.16,46.35
15.9,90.12,13,6.64,4.77,56.71
11.4,83.48,10,7.3,1.45,38.28
23.08,87.59,13,7.53,4.72,71.09
5.58,75.82,13,8.49,4.45,34.24
2.85,85.68,6,6.61,4.26,15.53
7.85,61.07,9,8.48,3.14,32.98
11.73,83.5,15,6.34,7.16,41.92
13.46,71.96,11,8.33,4.49,45.54
10.55,94.65,8,7.82,1.56,49.83
14.11,91.22,8,6.09,4.0,47.65
4.49,88.73,15,7.31,5.0,39.13
20.66,97.17,19,6.95,2.32,70.98
11.51,77.41,14,7.63,5.68,46.67
18.7,98.98,13,6.78,4.26,58.22
14.06,92.46,8,6.69,0.0,41.35
14.74,83.11,12,8.37,4.1,51.9
15.42,94.08,15,6.9,2.69,54.6
14.69,76.15,7,7.83,4.57,45.68
15.86,78.4,12,6.77,5.39,52.98
19.97,80.13,18,8.67,3.89,60.43
13.18,80.77,16,6.32,6.83,42.23
16.25,76.55,11,6.39,3.14,40.09
11.46,94.78,8,8.52,4.75,40.74
20.64,82.93,13,6.56,5.11,63.28
7.94,87.82,14,8.6,3.31,42.92
22.81,80.44,12,7.89,5.06,62.31
11.76,70.44,11,6.85,2.31,46.78
3.42,87.16,12,5.19,2.65,12.16
12.77,69.7,9,6.98,0.88,47.05
7.91,84.45,14,7.1,3.98,36.12
17.04,74.05,10,8.17,4.15,50.21
8.08,100.0,8,8.59,5.86,34.28
9.32,92.29,10,6.32,5.08,44.96
0.66,85.85,10,7.8,2.93,14.83
9.29,95.11,17,7.77,1.14,54.17
0.0,78.23,9,8.07,4.37,18.84
2.5,89.35,10,7.5,5.72,14.02
16.56,86.6,20,5.06,5.01,55.27
16.71,87.11,16,6.84,5.67,57.6
14.55,95.18,8,5.84,3.08,40.55
6.2,90.86,12,6.8,2.57,31.08
11.71,87.31,17,7.98,2.03,54.0
11.98,71.76,17,7.31,3.39,52.44
5.05,77.32,12,8.15,3.34,29.24
21.02,84.02,14,7.34,3.91,72.31
17.26,85.75,10,5.7,3.24,44.73
10.67,75.96,5,4.48,3.23,17.01
12.16,100.0,11,7.15,1.95,61.77
13.25,97.13,11,6.79,5.38,43.93
0.0,89.82,8,6.02,3.65,6.88
10.52,85.58,12,5.3,3.15,28.92
7.91,83.3,10,6.27,2.01,39.5
5.99,77.38,6,6.81,0.84,22.15
10.31,85.62,6,7.67,6.12,30.57
22.79,87.06,14,7.19,4.61,68.71
15.85,75.07,12,8.61,0.25,62.17
8.57,87.67,15,5.96,5.03,38.51
15.44,83.76,10,7.88,5.34,62.24
20.4,69.74,13,7.05,3.75,59.1
17.55,78.12,17,7.69,6.7,65.58
12.36,81.69,15,6.56,3.93,52.28
8.12,100.0,17,8.07,0.67,54.24
16.19,89.45,12,7.3,4.23,51.47
14.36,74.32,6,6.32,3.99,37.67
17.37,88.89,19,6.99,2.29,71.34
15.81,72.62,13,6.76,4.65,45.19
18.3,93.66,15,7.49,0.16,70.25
8.79,81.23,10,5.82,5.48,37.07
19.9,84.25,9,6.97,1.74,70.03
13.19,95.61,11,7.4,1.53,57.21
24.45,74.7,10,7.03,3.27,74.94
7.86,73.82,13,8.35,4.37,32.95
22.42,80.33,4,7.77,3.83,58.39
13.19,93.31,12,6.99,2.01,59.33
8.09,72.85,12,7.22,2.49,29.58
9.1,62.34,9,7.3,1.23,27.7
10.08,81.39,17,7.4,3.05,58.53
14.54,89.41,6,5.17,5.65,31.24
15.14,94.6,19,6.7,3.49,56.2
8.56,81.29,12,5.52,5.22,40.79
11.85,81.71,6,8.28,6.41,41.77
24.85,94.23,18,6.94,2.32,86.11
22.37,70.04,14,6.81,3.13,63.68
14.62,81.89,13,7.9,7.84,45.81
12.23,86.52,15,7.42,6.39,49.95
12.72,88.59,12,5.87,0.16,57.69
15.68,80.92,8,6.93,4.27,45.84
5.86,85.28,10,6.66,3.5,41.64
10.46,65.09,8,5.26,5.15,19.17
1.99,79.73,7,6.31,2.01,15.89
14.4,88.63,9,6.82,1.82,45.91
15.88,77.14,17,6.89,2.15,52.4
9.1,85.47,13,5.52,2.36,37.88
21.44,88.57,11,8.15,5.13,67.03
4.65,82.26,14,6.9,1.14,37.42
3.21,86.36,10,7.04,2.25,38.75
13.35,77.3,7,7.4,0.0,45.15
18.28,83.35,12,6.21,5.51,60.06
22.1,89.88,9,7.46,6.04,61.48
9.25,86.26,10,6.63,2.85,46.56
18.47,80.31,10,6.1,2.9,66.16
11.77,86.79,17,7.57,4.41,55.74
10.96,90.72,11,8.49,6.45,37.91
17.3,68.6,17,7.72,4.32,55.19
15.91,94.27,19,7.92,2.1,71.02
2.54,82.31,12,6.48,0.26,29.9
20.86,88.4,11,5.4,1.27,65.38
20.28,94.58,14,8.49,3.65,73.43
8.25,74.03,19,9.05,2.19,49.81
14.37,79.32,9,8.54,3.89,42.94
14.96,82.69,3,6.66,2.39,40.01
13.56,78.73,7,5.85,1.38,49.3
8.7,98.88,9,5.93,1.15,44.51
7.97,78.15,9,5.32,6.62,26.71
11.85,80.56,7,6.89,5.28,40.02
19.04,86.64,9,8.61,6.96,53.31
15.26,75.38,17,6.86,4.58,51.39
9.78,81.83,10,7.3,2.64,33.89
16.63,87.54,11,8.38,6.15,53.35
0.0,82.34,11,6.6,3.43,15.36
18.89,84.25,19,9.04,3.94,79.68
1.56,80.77,13,8.99,3.41,25.74
9.83,72.88,8,6.87,0.0,29.63
5.28,87.57,9,6.42,6.71,34.73
4.23,99.04,8,7.7,4.48,26.12
18.96,85.15,13,6.65,4.16,60.03
9.19,86.8,11,5.84,3.38,38.75
14.08,90.54,13,8.28,3.83,48.37
11.72,74.85,5,8.22,2.31,42.08
14.86,98.62,16,7.16,4.73,63.76
12.46,86.62,16,5.74,0.89,61.14
4.3,98.05,7,5.77,3.87,19.64
17.98,79.14,10,7.11,4.62,52.01
9.04,99.54,15,6.5,3.1,47.67
2.66,91.2,12,6.66,4.24,28.29
9.43,89.42,11,8.02,1.52,35.69
21.0,86.87,7,7.73,1.57,60.75
17.1,83.01,5,8.38,3.97,38.91
9.91,94.6,8,6.01,4.86,36.75
9.9,86.12,10,6.66,0.0,28.85
10.07,69.26,16,7.76,4.54,31.76
24.46,76.06,12,7.45,2.41,74.04
14.29,83.51,14,8.53,3.11,52.61
14.58,87.48,14,7.42,0.82,51.85
18.18,84.55,5,8.85,1.8,60.31
13.43,94.75,12,7.54,5.43,52.2
10.45,69.39,7,8.06,3.57,36.92
10.82,86.15,9,6.68,2.73,37.86
11.57,70.46,10,7.01,3.27,52.28
11.78,91.08,8,7.91,4.48,38.32
16.37,84.24,15,8.61,4.38,70.56
12.31,88.36,12,7.73,3.35,48.14
16.4,78.09,14,6.92,5.69,42.66
11.52,95.24,13,8.38,5.44,52.65
12.47,93.33,9,4.81,4.33,40.63
0.01,89.67,11,5.58,3.61,11.75
17.5,83.96,17,7.68,4.81,57.83
14.08,89.64,12,7.01,4.13,49.99
17.99,79.34,14,7.61,5.62,59.36
0.0,91.84,7,7.06,5.3,0.0
24.53,98.2,14,7.57,1.46,86.79
11.16,93.56,8,6.19,1.33,37.97
18.65,79.16,19,7.57,2.1,61.61
5.76,87.89,15,7.99,5.45,43.33
15.68,74.65,13,8.22,0.35,56.23
5.68,89.58,9,9.01,4.29,40.03
8.26,88.6,12,7.24,4.23,40.99
23.48,70.04,10,7.27,5.83,58.69
10.86,75.71,10,5.48,3.86,32.35
13.3,82.73,17,6.47,0.81,58.48
17.22,82.59,11,6.81,1.58,52.5
14.97,75.32,13,8.05,1.14,49.08
12.9,88.11,18,6.39,2.42,59.79
14.19,87.01,20,7.8,3.13,62.9
26.42,83.45,13,7.0,1.17,77.58
11.65,78.95,17,6.82,6.44,52.51
13.21,93.39,8,7.25,0.85,47.01
18.3,98.24,17,6.61,6.19,65.76
18.63,81.13,7,6.57,5.87,43.2
19.12,80.1,13,5.3,5.3,56.25
15.83,88.93,9,6.75,2.11,52.6
5.14,82.14,11,6.52,4.18,32.34
21.8,83.88,12,6.48,0.95,62.55
5.12,90.92,18,7.42,5.32,38.18
13.82,69.73,14,7.66,3.35,52.79
7.47,95.55,8,7.23,2.68,36.36
11.62,85.58,14,8.0,1.05,46.77
13.97,81.71,11,7.58,0.0,58.82
13.93,84.29,15,6.7,1.42,44.7
14.53,84.7,14,6.54,5.73,54.21
21.68,71.15,9,7.31,2.69,49.96
14.72,96.96,7,7.57,3.16,59.64
10.54,85.33,9,8.4,4.81,30.72
17.78,88.54,18,8.19,7.11,72.04
19.14,92.61,14,6.46,6.15,60.48
4.63,76.83,13,6.9,1.56,28.63
15.58,88.79,15,7.67,0.0,63.85
16.21,82.86,14,8.07,8.22,56.91
10.21,91.77,16,7.94,8.04,41.65
20.25,67.98,13,6.94,3.88,52.4
11.1,84.21,14,5.75,0.96,49.46
12.75,80.18,12,6.0,5.43,31.08
10.96,88.46,11,7.27,3.28,40.08
12.09,88.76,12,7.34,3.27,64.92
5.42,79.34,15,5.9,5.29,24.54
3.36,79.3,9,7.04,4.17,27.51
21.57,84.11,16,7.63,1.13,70.18
6.92,77.83,12,5.85,2.85,33.6
6.05,91.74,10,8.1,4.82,37.19
0.0,82.05,9,6.62,4.52,20.26
8.17,61.74,15,8.26,4.02,35.17
4.06,82.0,11,6.47,5.37,35.07
21.85,76.69,14,5.97,2.78,60.2
18.06,71.95,17,6.54,3.86,60.23
7.87,75.1,7,6.9,0.0,31.06
25.51,85.88,15,6.61,2.6,70.48
17.89,95.63,10,6.78,5.03,53.82
10.05,87.51,12,7.33,2.72,44.37
0.0,80.15,13,6.83,2.57,18.83
25.75,88.65,19,6.93,1.42,100.0
3.66,81.33,20,5.29,5.51,28.04
2.13,79.44,12,7.39,4.6,29.9
18.14,75.77,11,6.91,5.15,56.07
26.64,70.99,11,8.61,0.05,75.44
20.31,81.88,16,6.06,3.18,59.85
15.38,86.26,13,5.19,2.94,45.95
15.57,84.23,11,7.62,2.94,49.48
17.12,81.67,10,7.35,2.27,43.13
16.55,77.43,9,5.99,2.81,40.19
13.69,89.87,14,5.47,5.2,39.37
12.63,74.46,16,8.54,0.0,63.26
11.62,91.21,12,8.41,7.05,49.33
7.48,76.98,6,4.51,4.47,22.89
10.32,78.98,11,6.54,3.42,40.76
1.84,73.27,11,8.66,5.31,22.07
11.41,80.99,15,6.52,0.6,57.18
6.07,92.8,8,6.51,2.17,26.65
5.38,89.13,12,6.72,3.26,33.31
13.08,92.83,11,5.88,6.23,47.46
20.35,89.18,14,5.3,3.41,54.92
17.51,76.17,8,8.05,4.4,66.72
2.58,82.35,10,5.16,2.32,19.73
6.06,78.76,7,7.25,4.47,24.26
17.64,95.64,10,7.89,6.85,62.76
6.11,75.43,16,5.55,5.49,35.98
10.65,92.15,15,6.08,3.34,47.36
15.3,92.14,20,8.21,4.85,67.53
6.19,99.64,14,7.53,4.66,32.29
12.63,81.72,12,6.38,4.51,39.7
4.0,90.7,7,8.2,5.72,26.92
8.39,100.0,13,8.21,5.71,47.02
13.92,80.06,20,7.27,3.25,66.7
2.44,72.72,10,6.1,4.78,15.02
14.64,69.96,10,6.59,2.73,34.53
11.88,90.7,12,7.29,1.65,55.23
15.31,69.93,15,6.81,2.96,59.56
13.34,82.02,14,7.94,3.35,57.02
20.18,88.5,11,5.47,0.18,60.33
12.75,86.48,20,5.51,5.22,59.62
9.42,88.4,11,7.18,0.0,63.17
12.73,86.78,11,6.51,8.93,39.8
15.26,95.23,11,6.37,6.5,41.56
12.29,77.38,12,5.23,2.98,36.5
12.24,79.58,13,7.02,3.52,48.85
7.79,78.82,9,6.95,4.11,20.3
8.02,91.64,3,7.65,2.32,29.8
3.58,92.2,10,7.07,3.89,29.5
22.5,88.61,12,6.87,3.21,76.22
4.54,94.47,17,8.18,3.31,50.57
7.84,75.58,10,5.69,3.86,32.53
7.69,98.34,11,7.54,0.87,30.62
17.37,97.19,14,5.33,3.58,64.31
10.23,90.88,13,6.16,3.83,46.75
19.49,99.25,8,5.79,3.76,57.6
7.96,71.75,19,7.78,3.07,34.86
13.67,80.8,14,6.93,5.78,43.02
6.99,79.12,7,6.99,2.79,19.84
24.87,90.77,10,5.89,3.95,55.53
4.87,76.6,8,6.7,6.09,18.95
13.86,91.06,11,6.24,3.34,43.25
15.8,95.96,13,7.38,3.93,73.19
14.48,90.56,10,6.01,3.31,46.06
10.89,87.27,17,8.33,5.97,58.58
11.22,77.1,7,5.32,2.98,21.6
12.26,78.23,10,6.19,6.07,33.12
11.12,95.0,10,8.68,3.29,48.04
17.78,91.23,13,6.56,1.78,55.71
25.26,84.69,9,5.69,4.86,60.72
8.66,81.66,15,7.22,2.89,41.4
3.78,68.79,7,6.52,4.74,12.42
11.47,76.43,14,6.16,0.0,56.48
27.48,100.0,13,5.9,3.51,82.33
7.18,74.76,14,9.77,2.58,44.57
21.83,86.52,10,6.75,1.37,67.18
22.07,93.06,9,5.07,2.39,64.11
8.68,74.96,11,8.49,2.35,37.58
15.41,86.48,13,7.61,3.4,53.41
21.77,92.5,6,6.23,0.77,60.58
9.73,85.1,15,6.07,4.13,48.85
10.78,100.0,16,7.67,6.23,58.39
8.51,71.65,14,6.75,4.06,34.09
5.91,93.47,13,5.07,5.12,35.59
8.1,83.62,10,8.79,5.69,34.41
4.66,91.18,6,6.57,5.97,20.42
12.2,88.53,12,8.5,7.24,43.35
7.38,79.13,12,8.28,2.5,36.57
13.4,86.83,11,6.0,2.06,54.04
2.66,70.14,17,8.03,5.07,29.8
13.99,89.83,13,6.35,4.92,50.01
17.0,87.39,11,5.13,5.05,40.54
0.04,90.11,6,6.58,7.28,7.49
14.24,93.46,6,7.4,3.52,43.13
19.37,87.94,13,6.54,4.35,55.67
4.74,86.18,15,6.69,1.54,36.56
22.04,77.95,14,8.14,7.77,61.57
14.51,79.3,8,7.11,2.83,43.88
7.77,94.49,11,6.16,2.88,37.68
11.67,96.49,12,7.7,2.81,44.82
15.35,83.1,11,7.2,2.21,49.19
12.46,85.37,16,4.48,2.04,48.33
15.23,77.76,16,7.43,2.45,63.78
6.48,94.38,9,7.39,0.77,37.73
13.02,90.32,16,7.02,1.93,52.4
3.52,100.0,15,7.89,7.4,37.44
11.33,77.97,15,6.33,4.97,52.65
6.58,81.98,15,7.34,5.35,41.62
7.59,86.85,19,5.43,5.85,44.24
19.42,90.17,12,7.41,7.17,63.04
18.55,83.27,16,8.95,0.0,79.47
15.65,78.02,8,6.01,1.04,50.92
5.45,92.05,16,6.24,1.89,43.14
10.1,90.77,12,6.29,2.56,48.66
19.28,77.67,16,7.13,2.9,57.76
12.85,95.84,16,5.94,2.61,46.0
25.92,94.36,8,7.42,3.94,71.74
14.36,86.07,10,7.85,3.57,49.44
13.15,85.64,4,7.53,2.05,35.54
10.15,89.43,16,5.23,0.0,52.98
12.8,78.11,9,8.0,1.51,33.56
11.09,85.24,12,7.94,2.4,43.36
16.25,67.78,11,7.83,3.01,46.1
17.74,92.01,13,7.37,1.24,53.98
7.28,72.51,8,7.22,2.52,35.81
4.01,97.03,11,8.03,1.24,28.09
0.98,82.36,13,8.92,3.25,24.45
15.05,83.31,8,6.05,1.35,50.24
5.38,79.98,13,8.08,1.8,39.3
0.0,82.7,12,6.91,0.88,16.21
14.33,96.35,9,6.87,3.19,53.07
26.96,65.1,13,5.46,1.77,70.27
11.96,95.22,13,6.72,5.31,60.72
17.03,87.7,20,6.0,4.31,66.92
12.49,75.34,15,6.54,3.36,45.57
11.41,76.4,13,5.9,1.91,36.82
17.51,98.41,13,6.55,4.26,55.92
10.26,77.44,11,6.59,4.88,30.64
13.6,75.77,12,7.1,3.79,53.11
13.93,94.1,10,5.39,6.71,42.41
7.99,87.71,7,5.55,4.42,29.86
17.95,77.5,15,7.36,5.33,66.58
10.95,86.73,15,6.2,3.77,32.24
7.47,76.79,13,8.07,4.85,43.02
15.22,93.81,9,7.23,1.91,52.49
6.61,93.49,7,7.61,2.58,34.5
12.17,89.26,10,8.41,4.2,41.47
11.95,87.89,8,6.69,4.18,34.44
18.52,99.09,20,6.43,4.52,74.82
14.85,85.0,11,7.87,5.7,62.74
11.85,75.55,13,7.51,0.65,52.88
16.91,88.6,9,6.81,1.55,60.63
20.34,100.0,14,8.39,3.96,71.02
15.35,76.88,8,6.79,2.05,40.97
12.06,82.11,13,7.03,10.26,34.44
4.13,88.33,14,7.02,4.53,29.35
5.61,84.57,14,6.07,3.34,21.26
10.17,77.14,19,7.08,2.47,45.93
8.34,93.97,13,8.4,2.54,42.79
10.88,100.0,20,7.44,3.56,59.05
12.34,86.57,9,7.03,3.72,42.53
15.18,77.77,11,6.84,2.59,50.34
11.58,72.61,10,7.33,2.95,38.5
14.92,87.06,9,7.75,6.19,42.85
12.39,93.83,11,7.61,6.27,34.49
0.15,88.8,6,6.67,4.0,9.26
6.36,84.98,14,7.32,0.82,34.36
11.14,80.29,6,7.48,4.58,35.8
4.74,76.26,9,5.99,6.61,23.21
15.6,91.68,16,7.17,6.24,63.23
21.18,92.31,8,4.84,4.97,58.37
19.31,72.63,11,7.48,6.34,51.74
10.72,97.72,8,7.66,3.61,39.15
20.94,89.59,18,7.75,4.76,69.23
12.89,96.2,8,6.6,2.14,36.55
9.98,74.26,14,7.31,4.08,46.18
8.32,74.07,10,8.42,6.16,30.61
10.19,83.81,11,8.41,2.32,36.64
9.67,89.02,11,6.97,1.78,37.14
13.02,99.37,8,7.14,3.69,41.13
12.96,90.65,12,8.11,3.05,51.92
12.02,83.06,11,5.5,4.8,44.63
14.62,76.79,14,6.68,2.59,48.78
19.14,94.84,18,8.34,6.94,57.72
17.7,77.28,13,7.98,0.92,59.1
3.09,98.03,12,7.37,6.01,28.7
0.0,82.72,12,5.49,1.97,17.13
17.61,97.72,13,6.95,0.0,61.72
3.8,90.43,15,6.41,3.98,34.11
10.65,83.9,11,7.33,2.99,42.15
4.98,80.84,15,6.19,1.28,34.23
1.19,82.27,11,5.97,0.14,24.49
15.25,88.43,18,4.94,3.48,54.45
16.55,85.62,14,8.22,5.45,55.17
8.54,80.25,11,6.6,4.67,41.01
0.0,83.67,12,7.16,3.61,23.91
8.72,85.63,11,7.0,4.46,41.01
14.35,67.97,11,5.93,3.45,47.64
3.13,88.67,10,5.74,0.64,28.69
13.1,77.16,16,5.99,0.66,56.51
11.91,75.77,14,6.28,3.09,34.53
15.48,71.5,10,7.37,3.18,47.11
12.72,70.65,9,6.2,5.2,33.05
6.16,74.16,17,8.75,5.01,48.89
19.18,79.33,12,8.03,4.71,64.03
11.05,100.0,12,7.81,2.94,46.68
11.84,80.79,16,6.88,0.74,53.79
6.4,86.42,11,8.51,4.32,36.19
9.34,88.2,15,6.78,4.55,46.13
6.69,86.05,12,6.97,0.0,32.3
10.96,84.38,12,7.17,1.83,46.88
22.27,75.44,11,7.7,2.12,62.8
3.77,96.61,16,7.64,3.74,40.76
2.32,99.46,11,6.52,1.89,25.22
20.83,71.54,14,6.47,3.42,56.93
10.74,76.81,13,7.64,3.08,49.87
7.99,82.76,11,7.72,3.18,30.64
18.24,77.28,20,6.61,2.07,61.61
8.37,89.05,12,5.41,2.22,36.62
22.96,79.17,10,6.79,1.34,59.65
16.07,100.0,14,7.62,4.26,56.47
9.07,94.52,10,8.81,4.64,42.72
24.94,86.7,15,5.8,1.96,66.29
8.37,93.22,13,6.57,6.54,32.05
16.45,93.85,16,6.61,2.87,74.26
13.8,80.49,9,8.36,6.56,45.4
19.81,78.47,12,6.97,2.22,55.6
21.37,85.63,11,6.09,0.0,66.66
12.19,91.89,14,7.56,4.3,54.22
7.48,86.11,8,6.6,4.0,34.91
14.76,72.38,9,5.78,3.57,38.78
7.93,78.58,11,6.11,2.22,38.33
24.08,84.41,12,8.73,3.43,61.27
12.82,84.39,11,7.38,2.48,40.84
9.81,100.0,12,7.11,2.9,47.29
13.11,73.91,14,6.75,5.18,46.24
3.92,89.04,9,7.29,3.87,20.78
6.17,96.91,19,7.28,4.72,48.11
19.2,100.0,12,7.29,3.04,61.91
8.06,81.76,5,7.11,2.82,25.33
5.72,88.93,8,7.87,1.19,38.02
15.22,89.56,12,7.02,2.76,59.04
19.11,86.56,8,6.02,0.0,49.8
16.31,84.21,10,6.39,2.32,44.39
17.98,88.49,10,5.02,3.34,48.88
7.46,64.74,9,9.03,4.63,28.12
3.47,90.46,11,7.86,2.96,26.82
21.01,86.01,9,6.17,4.2,62.71
10.06,83.22,12,6.72,0.0,45.49
10.5,100.0,20,6.36,3.39,59.47
19.97,79.6,12,8.54,0.14,58.78
15.34,81.78,18,5.58,1.08,65.47
14.74,100.0,10,7.11,3.13,36.93
24.99,78.34,9,6.89,6.05,66.74
8.14,80.6,15,7.83,4.24,46.6
17.57,83.82,15,6.9,3.54,57.47
12.34,91.73,14,5.24,3.46,54.37
13.61,86.66,12,6.75,2.07,49.37
21.17,74.66,17,6.03,2.41,66.74
15.05,80.74,10,7.08,4.35,48.21
15.23,80.14,9,8.43,0.73,69.89
18.44,84.38,16,5.26,4.69,66.37
9.81,88.41,11,6.2,2.72,43.4
6.96,88.35,10,6.45,5.15,25.01
5.73,70.79,8,6.62,5.42,20.14
0.2,93.51,9,7.74,0.15,20.02
24.34,87.02,11,6.83,2.34,74.66
5.38,96.08,6,7.42,1.79,30.11
10.67,88.55,13,6.37,0.0,40.66
10.34,93.81,11,7.23,1.43,46.17
13.84,88.73,12,7.78,8.38,41.85
16.89,95.77,8,6.27,4.72,50.7
17.16,89.18,7,7.78,7.33,42.49
8.5,84.22,13,7.05,5.16,37.79
11.0,100.0,9,8.05,2.02,51.66
13.7,92.11,9,6.8,2.74,46.49
10.51,89.59,9,7.38,4.68,36.61
21.64,74.79,12,6.96,4.38,61.37
14.95,74.69,8,6.9,2.35,46.86
16.41,87.34,15,7.26,0.48,56.24
15.98,86.16,11,7.54,10.08,48.05
19.04,80.09,9,5.75,3.22,58.5
13.09,86.13,13,8.43,2.85,56.1
4.22,97.71,19,5.14,3.73,39.66
14.4,90.56,20,6.32,3.01,65.91
8.09,75.87,15,6.91,3.75,40.7
8.83,84.11,8,7.41,6.07,35.26
15.52,78.56,10,8.58,3.25,39.2
19.43,81.9,13,5.14,1.17,49.85
12.13,81.69,12,6.49,3.18,49.25
13.85,81.18,17,4.87,2.57,42.42
22.21,74.96,8,7.03,6.35,56.12
13.44,83.98,11,7.27,5.84,42.39
27.61,80.52,7,8.59,3.72,65.33
15.39,61.56,7,7.12,0.94,41.95
1.44,100.0,15,8.04,1.05,38.83
16.52,93.71,11,7.58,3.53,68.91
14.29,81.99,3,6.56,4.17,30.52
19.74,85.15,9,5.59,2.75,62.38
16.04,75.63,16,7.28,2.54,59.52
11.17,98.57,14,5.51,2.31,44.83
4.65,100.0,13,8.3,3.45,44.0
10.75,86.25,13,6.84,0.0,50.82
6.9,93.19,7,8.2,1.3,35.25
8.52,86.4,17,6.52,2.25,47.45
15.53,74.31,14,7.27,5.92,46.29
22.02,81.71,11,7.21,1.87,60.08
14.37,86.06,10,6.95,3.86,51.2
4.82,81.36,14,6.57,3.95,29.62
14.67,83.25,19,7.39,6.1,57.7
19.18,84.27,12,6.07,6.03,56.34
8.34,84.35,18,5.79,3.38,45.14
11.2,85.42,13,8.24,2.55,40.43
12.09,76.52,18,7.73,2.17,61.44
7.29,79.26,11,7.07,3.02,33.6
15.89,74.72,18,8.67,2.63,61.51
11.27,92.82,12,6.73,4.61,46.9
14.52,68.15,9,8.32,4.34,43.72
6.68,94.23,13,7.18,4.68,42.38
9.38,96.09,12,5.98,6.02,41.73
16.33,82.58,16,8.85,7.23,63.12
9.76,64.17,11,7.99,3.75,42.02
22.36,82.11,14,6.88,5.7,70.48
9.6,84.49,18,7.73,2.8,50.05
13.35,76.92,14,6.6,5.87,38.32
17.6,80.88,18,7.83,5.62,72.89
3.49,97.24,6,4.61,5.52,14.68
1.44,90.32,11,5.98,3.69,18.95
2.85,77.6,13,7.98,2.16,19.14
19.58,72.22,14,6.75,0.71,63.28
8.69,82.38,10,7.21,3.42,36.05
27.35,83.29,10,5.65,6.57,57.82
8.61,88.97,13,8.85,2.88,48.18
13.11,80.72,13,8.19,5.07,45.46
21.25,89.09,14,6.8,5.19,81.24
24.04,100.0,17,6.6,2.93,77.79
24.37,91.52,6,8.03,6.13,60.52
19.25,84.62,12,8.98,0.0,62.3
18.14,83.53,11,7.95,1.05,67.38
15.56,82.15,12,9.17,1.67,55.69
16.67,94.45,13,6.08,1.86,54.46
8.69,79.98,8,6.18,4.17,32.63
7.09,85.36,13,5.81,4.08,25.62
11.98,85.41,11,7.44,4.29,47.46
10.98,80.99,8,7.18,4.69,45.39
9.28,74.02,13,6.85,1.6,42.31
16.18,87.58,11,7.81,1.06,60.75
17.73,84.51,12,8.23,4.29,63.31
12.53,89.0,10,5.47,2.24,52.35
20.87,80.73,9,6.4,0.36,66.06
5.15,94.77,10,7.82,5.44,33.89
10.84,77.99,13,6.53,6.29,43.27
7.7,98.7,13,6.2,6.61,32.31
0.8,71.02,9,8.02,3.87,19.95
11.5,88.48,11,5.71,4.75,33.91
11.27,88.8,13,6.7,6.24,40.73
21.08,78.64,13,7.33,2.22,46.99
15.78,88.4,13,6.43,5.72,54.05
5.85,95.24,7,7.78,4.05,26.21
23.12,67.27,9,6.43,5.33,60.72
19.33,89.02,11,8.41,3.87,64.6
15.49,65.05,10,6.87,6.09,46.33
10.64,77.27,13,7.67,3.95,36.01
6.24,98.03,15,7.75,0.53,52.57
9.77,80.35,13,6.37,6.4,48.34
18.53,75.61,11,4.95,1.6,55.62
23.31,83.42,16,7.36,6.01,75.88
21.26,100.0,9,7.07,3.32,65.56
9.07,70.35,10,7.56,5.85,27.36
5.28,76.59,10,6.77,5.77,27.52
12.85,96.98,18,6.57,4.36,48.82
1.39,99.86,14,9.01,4.52,32.28
13.94,84.17,13,5.53,4.35,35.91
11.11,75.09,10,7.73,0.0,38.23
9.2,100.0,12,6.43,3.74,46.49
2.43,97.76,10,6.66,1.27,31.45
15.08,90.43,6,6.68,3.84,43.64
8.8,78.5,9,6.2,1.21,33.75
4.98,84.61,7,7.57,1.13,16.36
0.0,83.72,12,8.39,6.71,18.09
11.83,87.65,12,7.47,5.64,40.51
22.63,96.61,13,7.1,3.49,68.1
21.97,92.04,10,6.01,3.87,65.48
9.26,76.38,10,7.52,3.0,30.54
8.39,96.01,11,9.16,4.64,39.94
14.81,87.51,7,6.62,2.15,32.86
6.01,90.5,15,6.62,5.49,34.57
13.81,96.73,8,6.44,2.99,39.79
16.6,76.11,11,6.51,2.66,50.25
19.36,84.71,11,4.25,3.54,46.9
11.4,80.75,20,7.41,2.32,56.66
10.78,72.46,16,6.15,4.16,40.96
6.73,87.77,16,5.39,2.43,48.32
7.04,100.0,9,7.75,4.44,39.14
10.64,70.28,15,5.92,5.93,26.5
14.2,84.74,12,6.66,2.06,42.84
17.48,90.12,9,8.47,3.24,57.19
7.18,85.98,11,5.59,4.42,24.9
20.96,84.09,11,5.47,2.63,41.86
10.37,74.61,14,7.27,4.43,48.7
11.87,86.86,10,8.15,4.61,48.03
7.52,78.95,10,5.43,5.67,28.62
0.0,67.48,10,7.41,2.29,10.94
17.3,94.56,9,7.58,1.61,60.13
16.42,92.67,11,4.94,2.88,47.13
10.31,85.41,12,7.8,1.56,46.64
12.4,86.83,12,7.88,4.63,41.92
15.1,93.59,10,6.69,1.18,61.6
2.62,86.79,19,8.25,8.17,25.77
8.83,92.23,13,8.14,6.09,49.39
16.77,82.62,10,7.1,3.53,51.43
4.47,95.5,7,6.55,5.23,20.56
13.76,87.57,8,6.03,0.23,45.84
3.86,86.55,9,6.96,8.55,23.89
14.8,74.84,19,7.57,2.32,67.76
11.79,87.3,12,6.68,3.26,46.73
2.31,78.34,10,4.8,0.0,14.15
18.99,79.89,17,8.27,4.47,66.76
7.59,78.48,11,7.19,1.29,45.72
7.14,76.47,9,6.62,3.7,34.92
13.2,100.0,12,7.86,2.41,60.51
18.89,95.65,15,8.52,1.34,76.74
5.91,100.0,14,4.2,1.89,40.13
12.37,75.22,12,7.43,3.95,49.78
14.57,85.57,11,5.57,0.94,45.84
16.16,74.65,20,7.5,2.0,56.39
13.06,79.43,15,7.13,4.83,49.04
9.8,77.65,10,7.64,8.7,26.81
7.03,94.92,11,6.5,4.46,28.7
12.52,81.83,12,5.13,1.67,38.74
5.57,93.55,7,6.55,2.77,41.75
0.0,89.83,8,7.41,3.56,18.3
14.62,100.0,18,8.02,2.8,68.81
17.42,73.16,14,5.83,5.31,43.64
0.0,95.07,15,8.03,3.93,19.64
5.94,94.17,16,6.35,5.32,33.62
15.71,77.21,9,7.36,2.87,55.38
24.34,93.06,9,6.49,6.15,66.36
12.12,87.69,9,7.18,3.17,46.02
7.63,83.18,13,7.89,1.56,45.23
10.9,78.41,11,5.77,7.85,28.83
20.25,79.25,7,6.32,0.0,62.66
8.12,100.0,14,7.18,2.02,43.21
7.2,85.01,14,9.4,2.25,52.8
9.1,91.26,17,6.14,8.52,44.07
6.28,78.67,16,9.04,7.11,27.71
12.74,78.76,14,9.0,6.49,44.4
21.75,93.66,19,6.9,2.84,67.75
13.94,74.2,13,6.7,8.35,48.07
10.49,81.68,18,6.31,4.24,47.2
10.25,85.27,12,6.93,5.45,26.68
2.62,85.89,15,5.59,3.86,29.52
17.3,83.57,5,6.92,3.4,42.03
11.53,88.17,12,8.5,3.0,40.34
10.92,90.54,16,6.39,3.08,59.19
31.16,90.88,6,6.76,4.72,75.79
13.79,77.11,12,5.3,4.23,40.01
7.49,82.73,11,7.37,3.44,32.36
9.44,94.56,11,7.26,6.52,30.36
18.89,92.16,12,7.06,0.0,57.4
12.68,74.02,18,6.78,4.52,57.4
3.37,87.81,15,6.71,4.94,28.09
17.52,69.17,12,7.5,5.79,49.95
7.99,85.38,10,6.97,3.37,22.52
23.24,100.0,14,7.31,3.92,68.09
18.48,77.42,12,7.21,5.47,57.63
9.32,78.33,12,8.12,6.48,39.09
19.69,91.11,8,7.68,2.9,68.93
12.41,72.66,9,7.19,4.03,45.18
17.12,79.94,15,8.52,6.86,56.62
14.91,89.77,9,7.42,0.0,55.3
6.92,79.93,15,8.3,2.12,39.87
8.14,83.11,11,7.61,6.43,45.42
18.18,90.95,14,5.16,5.69,62.74
9.99,88.37,16,8.3,4.54,50.59
9.58,87.13,10,7.14,2.6,40.35
6.27,82.29,8,6.95,1.74,36.86
14.54,87.96,10,7.28,2.32,53.38
24.38,84.01,14,6.66,6.6,77.67
5.59,88.66,14,7.23,2.24,25.35
12.15,81.02,10,6.41,3.7,42.37
20.47,83.54,14,8.27,1.99,65.82
11.52,77.08,13,6.89,5.19,51.13
14.71,84.72,11,6.62,2.42,58.15
5.63,78.51,12,6.08,3.3,28.53
14.57,76.09,12,7.27,0.13,60.16
10.88,87.07,19,7.19,0.27,67.47
17.91,86.7,19,7.39,3.52,68.83
19.12,91.26,9,5.97,0.85,71.78
27.54,81.55,16,5.4,7.71,73.12
15.48,88.26,15,7.63,0.0,61.09
13.95,89.41,9,8.48,1.9,55.88
13.17,88.56,8,5.97,3.53,38.52
9.88,78.39,9,8.59,2.77,38.99
14.03,86.19,14,7.28,1.29,63.35
10.23,87.91,13,6.99,1.58,45.89
13.01,85.06,15,6.6,1.52,42.8
19.91,68.31,14,5.62,2.93,58.17
5.96,86.28,9,7.99,7.4,23.19
18.84,100.0,13,6.22,3.66,68.26
19.9,82.12,15,6.22,5.87,64.29
11.29,79.18,10,7.99,4.51,48.45
0.0,87.99,14,5.12,5.73,23.65
8.35,87.5,11,5.48,0.0,43.59
19.78,94.54,11,6.98,2.89,59.1
11.86,74.94,10,7.29,6.11,41.26
6.0,90.85,14,7.48,2.36,51.25
8.97,89.72,7,6.7,7.02,25.13
17.04,83.86,17,9.53,6.47,74.86
15.28,87.71,16,6.77,2.56,55.58
10.57,93.24,16,6.77,2.49,46.22
9.8,91.98,12,6.2,1.47,44.91
9.65,75.86,11,7.12,2.24,41.57
6.47,91.56,10,7.61,1.03,42.21
21.69,84.48,12,8.2,4.36,60.6
10.07,85.58,15,5.51,0.59,47.89
19.3,85.59,15,6.75,4.71,58.56
21.13,83.8,6,7.45,4.76,45.56
17.99,94.53,14,7.59,0.18,62.36
9.41,84.33,17,7.01,6.6,39.39
14.42,76.04,13,7.54,4.53,51.6
11.85,81.85,12,6.19,5.0,47.11
6.58,86.43,18,8.56,1.98,39.65
13.95,94.83,12,7.99,4.74,55.08
4.93,89.82,9,5.66,5.75,16.13
19.13,78.2,11,5.92,3.3,57.27
9.21,100.0,12,5.95,7.5,34.41
13.21,87.12,14,7.68,3.59,46.38
13.7,95.2,13,5.72,5.78,52.76
10.45,83.79,8,6.67,4.09,31.1
15.52,89.27,9,7.45,4.67,47.19
9.15,91.72,8,6.93,0.16,26.17
17.23,94.75,8,7.26,4.24,58.26
3.92,93.46,15,5.93,2.03,39.73
12.76,91.98,12,7.59,1.81,51.85
23.63,82.48,13,6.39,6.99,55.48
6.0,80.43,12,6.68,3.07,38.19
7.93,87.66,18,7.24,1.49,45.06
15.08,92.47,13,7.1,2.78,53.45
13.08,83.22,19,7.02,0.9,72.7
14.1,93.52,10,6.25,6.37,40.61
14.94,96.62,11,6.7,2.11,58.33
15.81,77.67,16,7.0,4.56,58.28
18.66,78.3,14,5.62,6.21,55.72
14.46,83.88,10,6.54,2.5,48.41
10.55,87.46,14,7.39,4.56,47.75
16.04,80.8,8,5.72,1.44,46.96
23.4,95.82,9,8.16,8.39,64.49
11.2,88.39,12,8.27,5.37,54.1
6.15,85.32,10,5.75,3.11,20.64
18.64,73.51,11,8.36,1.95,63.65
11.28,74.47,8,6.86,3.27,39.1
0.0,87.25,16,7.42,2.82,32.98
17.08,67.94,11,6.5,7.41,49.74
8.79,93.1,14,7.92,1.05,48.01
11.46,83.73,14,7.41,3.77,36.29
13.99,100.0,15,6.19,3.46,56.11
13.14,100.0,12,5.83,3.27,44.21
16.26,83.55,12,5.54,3.28,46.03
9.39,84.15,17,7.19,3.27,40.21
15.08,92.96,10,7.57,5.25,47.68
10.44,98.63,7,7.65,4.72,35.87
16.43,71.9,13,6.88,4.34,36.39
15.69,70.71,17,5.84,0.0,60.11
6.39,80.02,7,6.32,4.1,35.66
18.52,89.66,12,8.15,0.19,69.0
8.78,88.97,10,6.52,4.79,33.47
16.85,93.56,14,7.14,6.45,57.49
14.2,75.4,12,5.92,1.65,43.49
23.03,66.47,20,7.34,2.98,74.56
10.66,91.86,12,6.54,2.3,44.58
9.9,78.37,11,8.05,5.97,32.18
11.88,68.85,6,7.77,3.69,42.11
10.18,86.16,10,6.5,6.96,25.76
16.8,91.35,12,6.87,4.33,59.8
2.3,84.02,6,6.45,3.98,14.31
5.68,81.34,13,5.58,3.64,40.31
5.59,83.73,12,6.14,5.14,30.19
17.7,82.04,12,7.2,0.02,57.44
22.26,74.22,10,7.33,3.67,58.47
11.37,79.28,19,7.15,3.36,52.7
10.99,89.17,6,6.7,4.95,27.05
12.42,87.57,17,7.93,3.12,51.9
18.97,86.34,10,7.06,1.42,48.6
6.44,77.04,11,7.7,3.51,26.03
13.43,83.55,13,5.23,1.33,47.81
17.85,67.58,8,4.0,0.0,44.22
15.01,86.43,10,7.28,4.95,36.46
13.14,96.43,10,5.58,4.66,43.15
18.01,73.21,8,6.79,4.43,49.44
0.0,80.31,15,6.7,6.11,19.47
16.07,87.63,13,8.59,2.17,56.67
8.08,95.02,7,7.4,0.64,34.58
1.02,81.41,14,7.17,3.36,22.05
15.07,79.46,16,7.84,2.8,54.06
20.24,69.25,14,7.37,1.82,62.92
11.18,85.83,11,6.54,3.34,54.68
17.72,100.0,12,8.07,2.28,60.69
21.67,87.22,11,5.89,0.0,63.11
19.89,84.82,5,7.32,2.62,52.1
21.84,87.58,11,5.45,1.23,59.26
16.45,84.91,14,7.2,3.96,63.16
12.45,78.5,4,7.19,2.19,20.43
2.39,91.59,9,8.68,5.72,21.85
10.52,86.81,8,5.44,6.71,35.01
6.94,85.14,19,6.4,4.86,40.62
25.03,77.2,8,7.82,0.4,63.19
10.94,95.43,10,7.34,6.51,43.66
12.74,90.32,12,7.18,6.65,50.7
15.31,80.58,15,6.04,3.54,53.71
12.26,93.01,9,6.41,6.15,35.3
22.17,81.02,12,8.25,2.4,70.69
8.26,78.74,9,6.95,0.0,32.28
13.17,78.92,8,7.38,1.98,46.33
7.55,70.83,14,6.88,6.96,39.17
4.08,88.77,16,5.82,0.52,21.54
8.33,70.35,9,7.93,3.5,31.25
11.78,75.17,14,7.5,3.57,35.33
9.42,68.4,17,9.31,2.47,61.76
7.85,84.31,14,5.98,2.61,35.35
3.56,83.8,11,7.82,3.64,32.15
11.5,82.39,11,5.69,2.38,39.86
2.97,76.66,11,7.16,0.66,21.31
16.56,75.62,13,7.98,3.93,49.02
12.49,88.71,8,4.93,5.65,43.98
3.25,80.6,7,6.8,5.24,22.13
10.14,87.53,10,6.44,1.88,50.86
7.49,77.92,19,6.3,1.0,45.08
13.92,86.45,11,7.39,2.93,51.03
20.04,95.43,12,8.12,6.64,62.35
0.75,89.69,10,6.87,4.79,17.8
12.69,81.7,11,7.21,4.91,36.98
11.04,87.06,15,7.11,5.28,47.03
16.03,83.07,13,7.0,4.34,48.6
13.28,85.06,10,5.91,3.74,44.73
7.49,82.4,9,8.11,4.82,32.86
10.09,83.69,12,7.3,2.41,44.19
7.22,86.7,19,7.39,0.67,59.38
18.46,77.05,13,6.19,4.95,53.51
12.13,76.87,13,6.54,5.98,44.99
23.41,73.89,9,6.82,1.26,73.8
11.64,72.2,10,5.47,5.14,39.88
7.75,75.26,4,5.31,6.86,21.44
2.92,86.28,14,6.4,3.5,27.0
1.18,77.86,11,7.52,1.86,23.61
2.5,89.11,11,6.35,3.75,16.57
13.6,85.28,11,5.98,2.4,48.71
15.05,69.25,19,6.19,2.27,57.24
2.51,90.24,12,6.54,4.37,25.9
17.37,91.49,12,6.65,0.29,66.36
9.1,77.05,10,9.17,0.61,34.41
12.88,88.36,12,8.05,3.54,59.55
21.67,78.15,10,8.02,3.46,66.87
17.38,85.78,11,8.17,4.19,56.13
10.39,74.88,11,6.0,7.25,30.31
6.65,70.66,11,5.78,3.71,28.12
0.0,81.94,9,5.89,4.7,20.72
7.69,84.01,12,8.33,1.55,41.47
10.73,81.82,15,6.45,5.04,43.88
6.08,75.53,14,5.75,2.45,31.41
11.21,81.8,10,6.57,3.64,48.74
12.46,87.15,10,6.76,3.28,41.38
10.65,84.64,9,7.27,5.57,36.23
8.1,86.46,12,7.25,0.88,49.27
13.01,79.64,9,6.17,0.0,43.62
14.65,94.37,8,7.69,3.07,56.14
5.46,75.59,15,6.36,4.44,25.58
20.47,88.9,14,6.84,3.8,64.43
11.41,94.46,16,7.69,5.96,60.24
12.11,88.85,8,6.36,4.37,34.62
16.25,83.38,12,6.43,2.37,52.13
13.4,80.77,15,7.59,0.0,57.1
17.72,93.29,14,6.14,3.03,55.06
13.72,73.62,10,6.62,5.56,36.68
8.33,77.24,16,7.56,2.72,43.55
14.17,81.82,9,9.05,3.56,48.71
5.14,94.9,15,7.61,4.34,46.6
12.65,88.04,10,7.47,1.47,56.4
11.8,77.26,12,7.53,4.75,37.1
10.75,82.52,9,5.93,6.77,32.46
11.23,80.09,8,7.12,3.15,40.65
0.71,79.32,18,6.97,1.24,40.05
8.71,92.83,17,7.32,3.37,53.11
12.56,74.03,13,7.12,0.0,49.53
12.96,97.87,15,7.38,4.17,59.45
5.83,91.63,8,6.69,4.4,31.32
19.59,93.73,15,7.06,6.85,58.9
6.8,81.3,11,5.77,3.11,30.79
17.82,83.8,10,6.68,4.32,60.4
14.56,73.53,12,8.39,1.78,50.04
8.12,80.8,6,7.32,2.79,29.4
22.65,88.95,12,6.98,0.45,69.42
4.84,95.37,9,8.9,3.11,20.85
17.51,76.14,12,5.64,2.89,51.08
18.0,82.08,18,5.89,4.1,63.57
7.98,83.79,11,8.71,2.25,37.13
20.35,73.83,15,7.05,3.67,55.87
10.5,89.73,7,6.76,2.83,31.46
13.73,79.21,13,5.8,2.84,50.58
13.56,83.44,15,7.45,3.66,64.17
11.19,81.38,9,7.54,3.58,46.98
16.86,78.69,20,5.91,5.02,52.69
16.76,84.94,13,6.86,3.26,60.92
1.51,83.28,10,6.66,2.8,16.64
19.83,82.03,13,7.26,3.14,58.88
2.03,79.17,14,5.88,2.07,22.33
18.2,87.56,12,8.25,2.78,65.86
18.76,98.23,12,7.92,7.56,66.37
5.45,86.12,15,6.64,1.67,37.04
9.54,92.97,11,6.78,2.94,40.86
5.37,73.88,7,6.86,2.73,24.05
10.71,86.26,17,6.22,3.01,52.14
10.15,76.22,14,6.56,2.84,47.85
16.68,73.18,10,6.73,4.06,39.24
19.86,79.09,7,8.61,0.08,58.82
20.37,94.54,16,7.95,5.57,64.58
8.63,92.6,13,7.93,4.77,42.6
10.74,86.94,5,7.37,1.01,35.08
1.9,72.74,16,5.88,0.0,27.34
7.16,83.43,6,6.96,1.55,23.44
17.79,87.41,10,7.97,3.01,48.65
21.69,86.4,16,5.74,8.66,50.81
4.59,70.25,18,7.64,4.59,33.52
8.45,77.88,14,9.32,0.0,44.53
11.84,84.49,11,8.06,2.12,42.92
13.68,89.29,18,8.41,3.39,69.23
7.14,67.43,10,7.22,4.01,21.71
14.54,83.7,9,7.97,0.87,58.33
9.16,86.14,13,6.28,3.23,49.21
11.91,91.8,5,7.8,2.06,28.95
15.28,90.54,14,7.65,1.29,60.49
12.04,89.66,11,7.29,4.02,43.01
9.38,78.6,5,8.32,5.05,12.16
11.34,69.74,8,6.46,5.18,21.86
11.47,81.86,14,6.81,4.65,48.74
9.78,93.01,14,7.1,2.51,58.89
10.45,96.15,14,5.97,4.93,49.95
21.59,90.68,16,7.23,4.12,73.7
15.37,88.43,8,5.28,3.77,43.09
10.23,88.04,18,8.05,2.28,64.29
16.18,80.55,16,7.05,2.51,71.26
10.0,83.96,8,6.48,3.65,30.28
19.04,98.35,10,6.17,8.38,42.46
14.22,77.46,7,6.77,4.1,26.72
11.36,97.92,7,7.69,2.28,51.08
14.69,82.42,13,7.55,1.84,53.67
2.57,95.6,12,6.29,2.52,30.0
5.24,73.75,16,6.15,7.85,17.03
4.84,89.69,9,7.66,2.7,25.73
12.86,79.11,10,6.28,5.31,36.93
22.4,73.68,12,7.06,2.75,64.42
25.39,86.75,19,7.12,4.02,80.11
15.83,93.08,10,7.31,5.08,45.62
15.01,78.24,10,7.86,2.36,44.54
1.19,73.01,12,5.74,2.22,24.92
8.74,84.27,12,5.09,6.82,32.2
7.27,84.3,11,6.43,5.47,34.17
8.27,89.39,8,8.8,5.08,30.33
10.99,92.6,14,9.02,5.07,34.14
9.17,84.52,13,8.83,4.42,40.65
0.12,99.84,12,6.81,7.54,16.46
16.49,86.79,12,5.22,3.59,52.76
5.56,82.23,14,4.66,4.65,46.77
13.44,72.11,15,6.39,0.6,53.71
24.44,82.9,20,6.8,1.85,97.92
6.48,82.31,11,8.3,1.1,40.12
0.0,92.68,12,7.87,6.05,19.05
10.28,88.7,10,7.23,0.0,45.94
18.61,75.57,10,6.11,2.7,61.57
23.75,86.38,17,6.04,0.0,88.35
4.62,90.37,10,7.25,1.84,27.95
14.98,97.22,11,7.7,2.52,57.53
9.21,92.1,12,7.39,6.27,31.56
11.36,91.09,11,5.97,4.29,46.03
27.87,85.48,11,7.65,1.83,87.77
2.98,88.11,8,7.43,5.63,21.15
13.52,95.0,12,5.93,3.54,45.16
14.81,74.34,18,6.22,3.58,56.21
18.51,82.2,12,7.69,1.09,63.58
12.59,78.82,7,6.77,1.52,39.01
13.85,88.03,8,8.59,1.85,50.13
9.65,94.84,18,7.5,3.59,52.13
13.61,80.22,15,6.51,3.66,55.58
9.94,65.88,14,6.99,6.59,38.7
15.73,81.7,14,7.06,4.27,48.07
9.78,92.31,17,6.27,0.0,46.28
14.26,89.3,13,6.09,4.03,48.48
11.82,88.43,18,7.7,0.6,63.11
18.76,82.76,9,7.85,1.57,58.26
11.69,74.77,15,7.6,1.88,44.66
1.36,89.12,9,8.52,2.17,26.77
19.57,78.33,16,6.46,0.75,63.6
6.57,100.0,17,8.67,3.91,54.43
8.08,89.56,12,6.1,0.68,41.45
8.43,80.35,11,5.99,4.21,30.21
20.25,80.11,12,5.24,7.97,53.12
0.0,84.26,9,6.55,0.84,25.6
30.83,83.08,13,6.5,2.93,80.02
18.34,93.93,8,7.53,0.0,61.95
13.34,86.49,14,7.24,2.9,51.83
11.67,79.15,12,5.81,4.79,41.09
13.71,100.0,13,6.61,4.94,48.74
15.13,85.39,9,6.63,3.65,46.86
15.87,91.15,13,5.22,5.28,57.02
15.33,80.13,14,6.02,8.59,40.43
12.54,87.9,14,6.23,6.92,37.2
10.82,87.49,15,8.43,2.45,44.51
11.09,69.88,9,7.19,0.6,30.6
10.83,100.0,11,7.66,2.69,51.78
18.8,95.33,16,5.5,1.61,58.43
15.56,81.82,13,8.19,4.4,52.58
0.0,76.18,9,8.3,1.14,22.45
15.94,87.78,14,5.0,3.35,55.0
13.17,85.69,9,6.29,5.18,37.88
11.89,87.85,10,7.5,3.3,45.26
9.67,86.53,9,7.64,1.61,40.44
18.74,89.05,14,6.32,5.85,57.7
17.69,96.58,6,6.69,0.0,53.28
7.36,89.54,7,6.4,2.84,42.22
14.44,76.6,17,7.11,3.42,59.42
6.17,95.9,6,8.2,3.53,45.04
3.72,98.12,12,6.23,3.86,27.74
8.24,100.0,13,8.0,4.72,44.22
17.17,76.01,13,6.22,3.43,44.72
17.72,86.94,3,6.15,2.76,38.51
15.08,68.34,7,7.82,2.68,52.21
16.35,89.43,13,7.92,2.28,56.9
15.1,80.61,18,7.85,5.08,69.8
8.15,100.0,13,5.68,2.21,34.89
14.59,78.8,15,6.53,5.19,43.8
16.8,71.49,16,7.82,3.54,55.87
16.53,81.23,17,7.04,2.46,60.92
19.13,69.2,10,5.93,4.74,53.18
16.25,91.01,15,7.46,2.05,64.93
14.11,68.48,9,6.29,4.78,34.42
18.42,85.23,17,8.79,3.93,67.92
11.84,68.38,12,8.54,2.31,42.04
6.71,82.44,12,7.6,4.56,28.53
11.02,98.15,18,8.36,4.59,52.7
7.53,87.89,11,7.06,5.82,39.26
